customer_id,customer_name,country,signup_date
1,Steven Thomas,Bahamas,2026-02-02
2,Laura Hahn,Zambia,2024-07-12
3,Kerri Livingston,Uzbekistan,2025-10-14
4,April Gutierrez,Netherlands Antilles,2025-09-18
5,Matthew Trujillo,Malawi,2025-10-15
6,Yvonne White,Romania,2025-03-13
7,Laurie Moore,Israel,2025-12-02
8,Beverly Miller,Mozambique,2026-03-02
9,Chad Goodman,Anguilla,2026-02-10
10,Debra Finley,Japan,2024-05-14
11,Ariana Bell,Angola,2024-12-27
12,Linda Webster,Turks and Caicos Islands,2025-01-25
13,Stephanie Jacobson,Kiribati,2024-09-05
14,Ronald Cooper,San Marino,2025-12-28
15,John Ortiz,Morocco,2025-11-12
16,Ethan Delgado,Turkey,2026-02-05
17,Philip Murray,Tunisia,2025-07-26
18,Walter Wong,Kazakhstan,2025-07-28
19,Daniel Simpson,Cote d'Ivoire,2026-01-21
20,Crystal Morrow,Czech Republic,2025-03-06
21,Carl Long,Norway,2024-11-14
22,Robert Harris,Djibouti,2026-02-03
23,Gregory Thornton,El Salvador,2025-05-21
24,Faith Cain,Botswana,2025-07-19
25,Rebecca Merritt,Guadeloupe,2025-11-09
26,Christopher Knight,Timor-Leste,2024-09-25
27,Donna Hardy,Belgium,2025-07-12
28,Brandon Alvarez,Benin,2026-01-23
29,Alexandra Miller,Sierra Leone,2026-01-20
30,Kim Colon,Mozambique,2024-05-11
31,Jon Ramirez,Tokelau,2025-05-04
32,Sean Snyder,Namibia,2025-07-31
33,Sara Gardner,United Arab Emirates,2025-04-23
34,John Edwards,Belarus,2024-09-26
35,Joseph Schroeder,Saint Barthelemy,2024-12-22
36,Clarence Riley,Sierra Leone,2024-12-24
37,Javier Glenn,Oman,2025-09-16
38,Frank Ramirez,Guadeloupe,2025-02-13
39,Ashley Bailey,Mexico,2025-06-07
40,Angel Stewart,Wallis and Futuna,2025-09-04
41,Jennifer Johnson,Turks and Caicos Islands,2025-09-12
42,Luis Manning,British Indian Ocean Territory (Chagos Archipelago),2025-05-22
43,Linda Orr,Iraq,2025-07-22
44,Scott Wilson Jr.,Korea,2024-09-30
45,Alicia Smith,Sao Tome and Principe,2025-06-02
46,Anna Ortega,Montserrat,2025-11-13
47,Blake Chavez,Nicaragua,2024-12-17
48,Brandon Todd,Egypt,2025-03-28
49,Daniel Harris,French Southern Territories,2025-09-13
50,Edgar Hernandez,United Arab Emirates,2024-07-19
51,Brad Heath,Niue,2024-07-12
52,Jennifer Blake,Austria,2024-07-23
53,Maria Haynes,Aruba,2024-03-18
54,John Luna,Switzerland,2025-03-04
55,Tiffany Daniels,Heard Island and McDonald Islands,2025-05-07
56,Jonathan Bell,Denmark,2024-07-26
57,Troy Obrien,Ireland,2026-02-27
58,Mary Hanson,Svalbard & Jan Mayen Islands,2025-12-23
59,Christine Manning,Montserrat,2024-04-08
60,Maria Sanchez,Kenya,2025-07-15
61,Rhonda Anderson,Kenya,2024-12-16
62,Alex Powers,Uzbekistan,2025-01-06
63,Jeffery Carter,Namibia,2024-06-05
64,Laura Spencer,Cote d'Ivoire,2026-02-01
65,Julie Smith,Czech Republic,2025-09-19
66,Yvonne Miles,French Guiana,2025-04-12
67,Jack Stein,Macao,2024-11-28
68,Melanie Bruce,Iceland,2026-01-17
69,Jacob Scott,Greece,2025-08-04
70,Jacob Chang,Solomon Islands,2024-05-16
71,James West,Pitcairn Islands,2024-10-22
72,Trevor White,Equatorial Guinea,2024-12-02
73,Laura Massey,Portugal,2024-06-17
74,Joshua Dougherty,Costa Rica,2024-03-24
75,Frederick Keller,Cayman Islands,2025-06-30
76,Edward Small,Pitcairn Islands,2025-06-25
77,Daniel Palmer,Reunion,2024-07-11
78,Franklin Allen,Congo,2025-05-29
79,Jennifer Proctor,Montenegro,2024-04-07
80,Hunter Fletcher,Aruba,2025-03-03
81,Brittany Peters,Guernsey,2024-11-23
82,Elizabeth Ortiz,Greenland,2025-08-20
83,Jennifer Gilbert,Hungary,2024-03-14
84,Lori Wheeler,Cote d'Ivoire,2025-08-05
85,James Diaz,Northern Mariana Islands,2024-07-10
86,Matthew Gonzalez,Seychelles,2025-03-29
87,Samantha Miller,Oman,2025-07-07
88,Melissa Hale,Niger,2025-06-07
89,Connie Sweeney,Vanuatu,2026-02-12
90,James Vasquez,France,2025-03-02
91,Teresa Green,Netherlands Antilles,2025-07-27
92,Louis Crawford,India,2025-12-20
93,Kristen Ferguson,Latvia,2024-06-13
94,Robin Bell,Gibraltar,2025-05-20
95,Benjamin Bartlett,Suriname,2024-09-13
96,Joseph Rogers,Israel,2024-12-10
97,Jonathan Rubio,Swaziland,2025-08-23
98,Mathew Meadows,Canada,2025-07-14
99,Zachary Carpenter,Iran,2026-02-22
100,Emily Miller,Aruba,2024-03-29
101,Matthew Davis,Qatar,2025-08-03
102,Andrea Cook,Lao People's Democratic Republic,2024-09-22
103,Casey Weaver,Maldives,2025-11-11
104,Wendy Wallace,Sierra Leone,2025-07-13
105,Ann Mclaughlin,Bahrain,2025-10-05
106,Brenda Thomas,Dominica,2025-08-23
107,Lori Malone,French Guiana,2024-04-06
108,Isaac Miller,Svalbard & Jan Mayen Islands,2026-01-23
109,Frederick Garza,Spain,2025-12-15
110,Alisha Davis,Aruba,2024-10-14
111,Kelly Conley,Libyan Arab Jamahiriya,2024-08-15
112,Amber Campbell,Lebanon,2025-04-19
113,Katie Price,Luxembourg,2025-01-12
114,Allison Garza,Togo,2026-02-23
115,Daniel Walsh,Falkland Islands (Malvinas),2024-10-30
116,Megan Brown,Cayman Islands,2024-05-09
117,Carrie Coleman,Mayotte,2024-06-20
118,Chad Gomez,Panama,2025-10-06
119,Carlos Beasley,Montenegro,2025-06-10
120,Robert Villanueva,Turks and Caicos Islands,2024-11-22
121,Jeffrey Stevens,Ethiopia,2025-09-20
122,Dr. Matthew Thompson,Colombia,2024-09-28
123,Rachel Garza,Malta,2025-11-28
124,Brandon Lee,Isle of Man,2025-10-15
125,Angela Hebert,Switzerland,2025-01-15
126,Andrea Ruiz,Senegal,2024-03-31
127,Derek Robinson,Papua New Guinea,2026-01-06
128,Mary Moses,Germany,2024-11-20
129,Vincent Smith,Bosnia and Herzegovina,2024-06-28
130,Luis Herring,Gibraltar,2024-07-18
131,Tanya Austin,Saint Barthelemy,2025-05-25
132,Cheryl Stephens,Sweden,2025-08-07
133,Chad Wilson,Greece,2025-03-15
134,Norman Mcintyre,Belarus,2025-10-03
135,Sheri Cunningham,British Virgin Islands,2026-03-02
136,Dalton Houston,Timor-Leste,2025-05-12
137,Erica Adams,Puerto Rico,2024-12-15
138,Amy Jones,China,2025-09-01
139,John Silva,Bosnia and Herzegovina,2024-05-28
140,Dalton Martinez,Yemen,2026-03-01
141,Michael Carter,Vanuatu,2026-02-03
142,Jillian Henderson,Portugal,2025-01-14
143,Laura Medina,Jamaica,2025-09-27
144,Kevin White,Czech Republic,2025-12-14
145,Jason Gordon,Vanuatu,2025-01-27
146,Larry Martin,Panama,2025-09-19
147,William Garcia,Oman,2025-10-29
148,Christine Schneider,Sweden,2024-10-24
149,Alicia Hutchinson,Kenya,2025-06-21
150,Jennifer Cruz,Montenegro,2024-09-15
151,Anita Taylor,Afghanistan,2025-05-26
152,Ricardo Mcconnell,El Salvador,2024-03-25
153,Randy Jackson,Saint Barthelemy,2024-10-18
154,Matthew English,Burundi,2025-04-20
155,Denise Lawrence,Seychelles,2025-08-29
156,Sarah Jones,Costa Rica,2025-11-16
157,Norma Cortez,Bangladesh,2024-11-15
158,Ronald Snyder,Tuvalu,2025-01-11
159,James Warner,Lao People's Democratic Republic,2025-05-01
160,John Johnson,Thailand,2026-02-09
161,Michael King,France,2024-09-10
162,Kevin Campos,United States Minor Outlying Islands,2024-04-22
163,Kenneth Guzman,Armenia,2025-04-06
164,Zachary Jacobs,Guernsey,2024-07-29
165,Dr. Kim Anderson,Switzerland,2025-03-26
166,Ronald Collins,Haiti,2025-10-23
167,Joseph Bender,Austria,2025-09-01
168,Mr. Samuel Cook,Northern Mariana Islands,2025-11-09
169,Alexander Hall,Venezuela,2025-10-04
170,Peter Wilkins,Cocos (Keeling) Islands,2025-03-01
171,Carolyn Mcintosh,Swaziland,2024-06-02
172,Michael Soto,Cuba,2025-07-19
173,Kristopher Gilbert,Singapore,2025-09-11
174,Matthew Arroyo,Kyrgyz Republic,2024-12-27
175,Jesse Elliott,Thailand,2026-01-28
176,Maria Clay,Nauru,2024-04-14
177,Daniel Robertson,Micronesia,2024-07-03
178,Tamara Freeman,Greenland,2026-02-08
179,Christopher Bell,Sweden,2024-04-23
180,Charles Morrison,Israel,2025-05-02
181,Larry Brown,Eritrea,2025-04-24
182,Heather Ball,Romania,2024-06-18
183,Devon Guzman,Ghana,2024-06-18
184,Angela Mitchell,Nauru,2024-05-25
185,James Aguilar,Qatar,2025-09-24
186,Kathy Thompson,Mauritania,2025-10-31
187,Kyle Smith,Tanzania,2024-07-26
188,Brenda Russo,Mayotte,2026-02-22
189,David Sanders II,United Kingdom,2025-01-05
190,Joshua Pacheco,Saint Vincent and the Grenadines,2024-08-19
191,Jared Allen,Grenada,2024-05-15
192,Felicia Ball,Central African Republic,2024-08-31
193,Rachael Shelton,United Kingdom,2024-09-15
194,Donna Cole,Eritrea,2025-03-14
195,Joseph Valentine,Peru,2025-09-17
196,Nicole Mills,Tuvalu,2026-01-20
197,Derrick Williams,Greece,2025-08-02
198,Charles Bell,Palestinian Territory,2024-07-29
199,Krista Jones,Nepal,2024-09-05
200,Daniel Haas,Ethiopia,2025-08-14
201,David Morales,Azerbaijan,2025-09-19
202,Joseph Butler,Liberia,2024-10-12
203,Julie Becker,Mauritius,2025-06-03
204,Sharon Campbell,Pitcairn Islands,2024-06-24
205,Leslie Henderson,Netherlands,2025-02-12
206,Angie Tapia,Monaco,2025-07-13
207,Natalie Mendoza,Tonga,2025-06-07
208,April Brown,Anguilla,2024-09-22
209,Jacqueline Bauer,Norway,2024-04-27
210,Megan Wells,Falkland Islands (Malvinas),2026-01-14
211,Lauren Singh,Cape Verde,2025-04-09
212,Joseph King,Palau,2026-02-17
213,Dustin Hughes,China,2024-08-14
214,Matthew Johnson,Liberia,2025-12-12
215,Victor Harris,Namibia,2024-04-02
216,Cindy Cole,Ecuador,2024-05-12
217,Candice Alvarado,Ethiopia,2024-09-11
218,Heather Obrien,Italy,2024-12-01
219,Savannah Hall,Zimbabwe,2025-04-17
220,Steve Graham Jr.,Barbados,2025-03-05
221,James Warren,Canada,2025-08-28
222,Jennifer Robinson,Guam,2024-10-31
223,John Park,Switzerland,2024-11-14
224,Ruben Kim,Ireland,2024-10-28
225,Brendan Mcclain,Spain,2024-03-22
226,Jill Malone,Puerto Rico,2025-11-29
227,Alicia Campbell,South Georgia and the South Sandwich Islands,2025-05-03
228,Christopher Fields,Honduras,2025-07-02
229,Amy Roberts,Burkina Faso,2024-09-16
230,Lindsay Scott,Andorra,2025-09-05
231,David Caldwell,Mongolia,2025-06-12
232,Paul Sharp,Equatorial Guinea,2024-09-28
233,Tracy Ritter,Azerbaijan,2025-11-05
234,Bonnie Sanders,Eritrea,2025-03-15
235,Andrew Brown,United States Virgin Islands,2026-01-13
236,James Williams,Australia,2026-02-20
237,Gregory King,American Samoa,2025-07-12
238,Maureen Bautista,Venezuela,2025-06-03
239,Paige Klein,Denmark,2025-12-10
240,Megan Miller,Russian Federation,2025-11-28
241,Angela Gray,Cape Verde,2026-01-15
242,Barbara Hernandez,Seychelles,2024-08-27
243,Kenneth Walker,San Marino,2025-04-23
244,Leah Miller,South Africa,2024-06-02
245,Kendra Hernandez,Anguilla,2024-09-11
246,Charles Clark,Palau,2025-06-26
247,Timothy Martinez,Mongolia,2024-10-08
248,Nancy Payne,Faroe Islands,2024-09-24
249,Amy Mccarthy,France,2025-02-15
250,Christina Perez,Philippines,2026-01-08
251,Jeffrey Nelson,Anguilla,2025-06-15
252,Cheryl Alvarado,Lithuania,2024-07-16
253,Dorothy Berry,Tokelau,2025-11-11
254,Holly Miller,Saint Kitts and Nevis,2024-07-20
255,Brandon Wood,Swaziland,2024-06-14
256,James Rodriguez,Madagascar,2025-04-16
257,Tom Jordan Jr.,Palestinian Territory,2025-12-30
258,Stephen Harris,Nigeria,2025-11-11
259,Ashley George,Malawi,2025-12-18
260,Matthew Gordon,Jordan,2024-07-03
261,Tyler Green,Reunion,2024-11-24
262,Cody Jackson,Palau,2025-05-19
263,Madeline Wells,Norfolk Island,2025-09-15
264,Randy Gordon,Cyprus,2024-05-03
265,Ashley Kelly,Netherlands,2024-10-14
266,Jodi Cox,Russian Federation,2024-03-14
267,Christopher Smith,Sudan,2025-07-07
268,Mariah Rodriguez,French Guiana,2025-03-07
269,Tracy Brooks,Cambodia,2025-11-20
270,Colin Salazar,Jordan,2026-01-06
271,Christopher Mcdonald,Hungary,2024-10-01
272,Kayla Reynolds,Cuba,2025-10-11
273,William Mcneil,Botswana,2026-03-05
274,Elijah Knight,Malaysia,2024-05-18
275,Julian Evans,Kuwait,2024-06-11
276,Lydia Simon,Grenada,2024-10-17
277,Andrew Lee,Albania,2025-12-06
278,Allison Pratt,Libyan Arab Jamahiriya,2025-11-17
279,Lisa Rose,Senegal,2024-11-27
280,Joshua Gregory,Anguilla,2025-04-11
281,Laura Bell,Portugal,2026-01-29
282,Michelle Christian,Aruba,2025-08-18
283,Andrew Murphy,Monaco,2026-01-30
284,Tara Barton,Nigeria,2025-07-17
285,Danielle Gray,Ghana,2024-03-23
286,Sydney Taylor,Burkina Faso,2024-05-08
287,Andrea Thompson,Bermuda,2024-06-16
288,Kyle Stephenson,Greenland,2024-11-26
289,Robert Chang,Tanzania,2024-05-01
290,Deborah Orozco,Estonia,2024-03-21
291,Ronald Cook,Malta,2025-12-31
292,Margaret Gutierrez,Chad,2024-06-02
293,Susan Byrd,Mayotte,2025-03-02
294,Eugene Marshall,Pakistan,2025-01-22
295,Nicholas Moore,Guadeloupe,2024-09-28
296,Tony Nelson,Cook Islands,2025-07-08
297,Curtis Richardson,Gabon,2025-07-19
298,Daniel Pineda,Korea,2025-03-31
299,Gregory Horn,Ukraine,2025-04-14
300,Erik Reese,Mauritania,2024-03-26
301,Kelly Wright,Macao,2025-03-13
302,Jacqueline Harris,Iceland,2026-03-05
303,Ashley Hunter,Antigua and Barbuda,2026-01-24
304,Sean Clark,Puerto Rico,2024-09-23
305,Elizabeth Proctor,American Samoa,2024-06-14
306,Carol Walker,Venezuela,2026-02-13
307,Stephanie Watson,Kuwait,2024-12-07
308,Mrs. Kaitlyn Herring MD,Cameroon,2025-09-09
309,Sarah Herrera,Faroe Islands,2026-01-21
310,Douglas Gallegos,Korea,2024-07-27
311,Jonathon Alexander,Anguilla,2025-03-03
312,Victoria Smith,Romania,2026-02-04
313,Travis Taylor,Armenia,2024-06-27
314,Joseph Young,Papua New Guinea,2025-08-30
315,Jeffrey Potter,Barbados,2024-11-03
316,Jeffrey Lawrence,Qatar,2025-03-17
317,Robert Francis,South Africa,2024-07-22
318,Richard Lucas,Turkmenistan,2025-10-26
319,Amy Wagner,China,2024-10-01
320,April Jackson,Pitcairn Islands,2024-07-27
321,Cody Wilkinson,New Zealand,2024-08-06
322,Scott Armstrong,Trinidad and Tobago,2024-03-20
323,Allison Smith,Rwanda,2025-01-15
324,Margaret Miller,Jamaica,2025-06-16
325,Benjamin Hayes,Kazakhstan,2025-06-21
326,Brad Dennis,Northern Mariana Islands,2025-11-28
327,Jacob Myers,Estonia,2024-11-03
328,Nicole Yang,Djibouti,2025-12-15
329,Christopher Coleman,Bouvet Island (Bouvetoya),2026-01-26
330,Todd Chapman,Holy See (Vatican City State),2025-03-03
331,Stephanie Chavez,Montenegro,2024-09-19
332,Jared Horne,Saudi Arabia,2025-04-14
333,Jennifer Brandt,Moldova,2026-02-04
334,Tammy Ramirez,Chad,2025-09-10
335,Eric Parker,Argentina,2025-12-11
336,Russell Watkins,Gambia,2024-11-09
337,Kevin Turner,Macao,2025-08-08
338,Jennifer Suarez,Aruba,2025-07-24
339,Alexander Snyder,United States Minor Outlying Islands,2024-12-06
340,Jesse Maxwell Jr.,Puerto Rico,2024-10-25
341,Mark Daniel,Burundi,2026-02-11
342,Stacy Howard,Morocco,2026-01-01
343,Fred Ramirez,Pakistan,2026-01-10
344,Melinda Larson,Honduras,2025-04-09
345,Bonnie Fuller,United Kingdom,2025-03-20
346,Terry Wilson,Pakistan,2025-05-19
347,Dakota Lewis,Gibraltar,2025-11-12
348,Tiffany Mercado,Bermuda,2025-10-26
349,Todd Brown,Luxembourg,2025-09-24
350,Gregory Farmer,Netherlands,2025-12-06
351,Gabrielle Cannon,Turks and Caicos Islands,2025-07-10
352,Samuel Wright,Congo,2025-05-29
353,Stephen Anderson,Latvia,2025-11-16
354,Mark Hurley,Switzerland,2025-07-01
355,Kim Johnson,Monaco,2024-06-29
356,Kurt Booth,Bermuda,2025-11-16
357,Lisa Dean,Slovenia,2025-06-28
358,Colleen Hernandez,Zimbabwe,2024-10-07
359,Caitlin Anderson,Indonesia,2025-12-20
360,John Williams,Guam,2024-12-23
361,Monica Hicks,South Africa,2024-06-24
362,Ronald Clayton,Ghana,2026-01-08
363,Kyle Hogan,Honduras,2025-11-21
364,Christopher Hubbard II,Lesotho,2025-07-19
365,Samantha Gray,Micronesia,2025-05-12
366,Jennifer Wiley,Croatia,2025-03-17
367,Christine Graves,Austria,2025-08-02
368,Natalie Collins,Monaco,2025-11-07
369,Tracy Butler,Lao People's Democratic Republic,2024-05-14
370,Norma Blackwell,Saint Martin,2024-03-23
371,Kathy Levine,Svalbard & Jan Mayen Islands,2026-01-10
372,Tabitha Villa,Netherlands,2025-06-23
373,Bonnie Williams,Denmark,2025-03-16
374,Amy Scott,United States of America,2025-02-08
375,William Matthews,Nauru,2025-02-08
376,Monica Cannon,Anguilla,2025-09-07
377,Audrey Fisher,Madagascar,2024-09-02
378,Jason Barber,Guinea,2025-12-16
379,Zachary Huff,Turkmenistan,2025-03-14
380,Alyssa Norman,Albania,2024-07-30
381,Adam Jarvis,United Kingdom,2024-10-07
382,Alicia Palmer,Cook Islands,2024-10-03
383,Jennifer Brooks,Iran,2025-11-25
384,Beth Holt,Italy,2024-05-25
385,Douglas Stewart,Holy See (Vatican City State),2025-09-12
386,Jeffrey Small,Kuwait,2024-10-28
387,William Graham MD,Benin,2024-05-23
388,Lisa Baker,Guinea-Bissau,2025-05-01
389,Kenneth Key,Haiti,2024-05-03
390,Rhonda Williams,Central African Republic,2025-10-26
391,Charles Gomez,United Arab Emirates,2025-08-15
392,Miranda Williams,Wallis and Futuna,2025-06-13
393,Sarah Reyes,Myanmar,2025-02-21
394,Jenna Welch,Nauru,2025-04-11
395,Jesse Roth,Pakistan,2026-02-10
396,Deborah Johnson,Iran,2025-06-14
397,William Morales,Malta,2025-08-04
398,Jeffrey Wilson,Libyan Arab Jamahiriya,2024-11-27
399,Matthew Griffith,Nicaragua,2025-06-13
400,Shawn Chambers,Libyan Arab Jamahiriya,2025-12-19
401,Blake Thompson,Congo,2025-10-15
402,Molly Rodriguez,Timor-Leste,2025-12-27
403,Brian Perez,Niger,2024-08-17
404,Tracy Allen,Kyrgyz Republic,2024-12-17
405,Julia Ibarra,Belarus,2024-05-08
406,Donna Thomas,Luxembourg,2024-10-10
407,Dana Meadows,French Polynesia,2026-02-01
408,Amy Scott,Zimbabwe,2025-04-15
409,Joyce Barr,Colombia,2025-04-21
410,Nicole Waller,United Arab Emirates,2024-10-26
411,Brittany Velez,Kuwait,2024-05-05
412,Christopher Stewart,Mauritius,2025-11-25
413,Meghan Thornton,United Kingdom,2025-03-11
414,Stacey Davis,Malta,2024-12-27
415,Amy Torres,United States of America,2025-06-05
416,Jordan Flores,Australia,2024-07-19
417,Jessica Johnson,Wallis and Futuna,2025-10-28
418,Jason Bullock,Romania,2024-06-22
419,Joseph Miller,Albania,2025-09-08
420,Joel Washington,Oman,2024-06-24
421,Timothy Nguyen,Luxembourg,2024-08-02
422,Michael Jones,British Virgin Islands,2024-07-24
423,Felicia Dean DVM,Andorra,2024-11-02
424,Alexander Rodriguez,French Guiana,2025-12-25
425,Hannah Hernandez,Libyan Arab Jamahiriya,2025-03-28
426,Joseph Hansen,Bangladesh,2024-05-16
427,Rebecca Clark,United States of America,2025-02-12
428,Monica Garcia,India,2025-11-07
429,Ashley Brown,Serbia,2025-07-29
430,Luke Lin,Liberia,2025-09-12
431,Rachel Nguyen,Canada,2024-07-21
432,Julia Frey,Kuwait,2024-05-08
433,Mark Jackson,Turkey,2025-08-04
434,Ryan Castillo,British Virgin Islands,2024-09-28
435,Lisa Brown,Slovenia,2025-02-08
436,Ellen Watson,Dominican Republic,2025-11-25
437,Jordan Munoz,Bouvet Island (Bouvetoya),2025-03-28
438,Rickey Jimenez,Mauritius,2025-01-07
439,Tony Thomas,Jordan,2025-01-07
440,Shawn Fitzpatrick,Myanmar,2026-01-06
441,Jose Benson,Guam,2025-12-18
442,Nicholas Martinez,Bangladesh,2026-02-28
443,Tracy Parker,Dominica,2024-06-13
444,Shane Cannon,Venezuela,2025-12-06
445,David Gentry,Central African Republic,2025-06-10
446,Cynthia Rodriguez,Kuwait,2024-11-26
447,Ryan Roberts,Bouvet Island (Bouvetoya),2024-05-24
448,Kathy Mclaughlin,Jordan,2025-03-06
449,Kathryn Santana,Tunisia,2024-03-22
450,Jerry Collins,Liechtenstein,2025-10-11
451,Phillip Rivera MD,Japan,2024-10-31
452,Kurt Davies,Jersey,2024-11-04
453,Rickey Mathis,Zambia,2025-08-11
454,Jennifer Ruiz,Denmark,2025-09-15
455,Paula Foster,Mozambique,2026-01-07
456,Mr. Matthew Harris,Saint Lucia,2024-11-19
457,Dr. Andrew Mendoza DVM,El Salvador,2024-11-29
458,Ms. Catherine Henderson,Papua New Guinea,2024-10-15
459,Brandon Hall,France,2025-07-06
460,Gregory Morgan,Guatemala,2024-09-17
461,Mr. Joseph Johnson,Malaysia,2025-05-19
462,Dawn Burke,Bahrain,2025-07-08
463,Thomas Clark,Mauritius,2025-12-16
464,Steven Kelley,Senegal,2025-01-16
465,Gerald Wong,Northern Mariana Islands,2025-04-23
466,Matthew Gomez,Djibouti,2026-01-30
467,Crystal Brown,Greece,2025-07-11
468,Brian Benson,Liechtenstein,2025-09-05
469,Mrs. Ashley Williams,Philippines,2024-05-03
470,John Bates,Zimbabwe,2026-01-12
471,Melissa Hernandez,San Marino,2024-03-16
472,Madison Alexander,Oman,2025-10-03
473,Maria Johnson,Korea,2024-05-19
474,Briana Fox,Suriname,2025-11-17
475,Carly Khan,Germany,2024-07-30
476,John Carroll,United Arab Emirates,2024-08-01
477,Jessica Morgan,Brazil,2024-05-02
478,Tamara Cook,Christmas Island,2024-10-16
479,Phyllis Brown,Iceland,2025-12-15
480,Jennifer Olson,Monaco,2024-12-29
481,Brandon Ward,Malaysia,2026-02-17
482,Patricia Stanley,Pitcairn Islands,2025-11-07
483,Monica Jackson,Austria,2025-09-11
484,Samantha Price,Anguilla,2025-10-20
485,Kimberly Hansen,Ecuador,2024-08-22
486,Suzanne Thompson,Botswana,2024-03-11
487,Jennifer Yates,Saint Vincent and the Grenadines,2024-05-28
488,Matthew Mora,Indonesia,2025-01-28
489,Christopher Figueroa,Qatar,2024-12-22
490,Wayne Green,Somalia,2025-11-08
491,Kevin Frazier,Bhutan,2024-09-03
492,David James,Morocco,2025-05-21
493,Robert Stewart,Samoa,2024-11-14
494,Brian Escobar,Andorra,2024-03-10
495,Aaron Daniel,Wallis and Futuna,2025-04-28
496,Maria Lin,Kenya,2025-06-17
497,Brenda Glover,Trinidad and Tobago,2024-06-03
498,Michael Jones,El Salvador,2025-10-11
499,Keith Rhodes,British Virgin Islands,2025-09-30
500,Douglas Cook,Antarctica (the territory South of 60 deg S),2024-05-29
501,Shelby Sharp,Cote d'Ivoire,2024-06-15
502,Crystal Porter,Romania,2024-05-22
503,Erik Thornton,Libyan Arab Jamahiriya,2025-08-09
504,Melissa Farrell,Mayotte,2025-07-12
505,Carol Bennett,Antarctica (the territory South of 60 deg S),2025-08-05
506,Zachary Costa,Fiji,2024-11-29
507,Jessica Taylor,Jamaica,2024-04-08
508,Catherine Pineda,Macao,2025-07-05
509,Robert Lewis,Falkland Islands (Malvinas),2024-04-21
510,Cynthia Bennett,Estonia,2025-10-23
511,Matthew Hayden,Denmark,2024-03-08
512,Madison Phillips,Uzbekistan,2025-03-17
513,Troy Avila,United States of America,2025-12-12
514,Kathryn Shepard,Guatemala,2025-08-16
515,Shawn Moody,Sao Tome and Principe,2026-02-25
516,Suzanne Parker,Lebanon,2025-06-28
517,Robert Gibson,Hong Kong,2025-01-25
518,Pamela Cook,Dominican Republic,2025-06-14
519,Jerry Barnes,Saint Martin,2024-05-07
520,Catherine Sullivan,Aruba,2025-07-31
521,Sarah Ortiz,Swaziland,2024-09-01
522,Robyn Smith,United States Minor Outlying Islands,2024-04-18
523,Connor Tapia,Algeria,2024-09-24
524,Michael Huff,Jamaica,2024-04-14
525,Mr. Philip Garza,Heard Island and McDonald Islands,2024-04-14
526,Cynthia Pearson,Saint Kitts and Nevis,2025-12-02
527,Amber Galloway,American Samoa,2025-10-26
528,Elizabeth Frye,Malta,2024-08-14
529,Todd Johnson,Trinidad and Tobago,2025-07-31
530,Justin Lee,Albania,2026-01-30
531,Christopher Lewis,Rwanda,2025-06-09
532,Susan Adams MD,Oman,2024-06-29
533,Stacy Roberts,Aruba,2024-12-19
534,Katherine Clayton,United States Minor Outlying Islands,2024-08-31
535,Nicholas Valenzuela,Colombia,2024-07-01
536,Gina Rojas,Belarus,2024-11-07
537,Samuel Beard,Cuba,2024-11-11
538,Elizabeth Kerr,Indonesia,2024-09-10
539,Lori Graves,Panama,2024-04-14
540,Keith Henry,Greenland,2025-03-23
541,Joshua Arias,Germany,2025-10-29
542,Gina Johnson,Isle of Man,2025-02-21
543,Leslie Logan,Isle of Man,2025-06-02
544,Katherine Mckinney,Luxembourg,2024-05-31
545,Franklin Mitchell,Afghanistan,2025-03-06
546,Dr. Tonya Carey,Ethiopia,2025-07-23
547,Clayton Miller,Turkey,2025-07-09
548,Victoria Wilson,Guinea-Bissau,2024-06-13
549,Dr. Christopher Chan,North Macedonia,2025-05-16
550,Michael Hines,Uruguay,2024-10-25
551,Michelle Nichols,Jamaica,2024-05-12
552,Jose Greene,Cape Verde,2025-07-15
553,Wanda Ford,Micronesia,2025-06-13
554,Elizabeth Guerrero,Bhutan,2025-06-02
555,Shawn Meyers,Nauru,2024-09-29
556,Eric Williams,Venezuela,2025-04-04
557,Leah Brock,Suriname,2024-08-01
558,Nathaniel Weaver,Iraq,2024-06-20
559,Caroline Williams,Cook Islands,2025-03-13
560,Gregory Kennedy,Guinea-Bissau,2024-05-21
561,Kelly Baker,Palau,2024-06-29
562,Jessica Turner,Swaziland,2025-04-05
563,Steven Blevins,Ethiopia,2025-11-19
564,Crystal Stanley,Nigeria,2024-05-31
565,Bethany Swanson,Panama,2025-11-02
566,Jared Williams,Qatar,2025-08-30
567,Alexandria Parks,Mayotte,2026-02-01
568,Sonia Morris,Trinidad and Tobago,2024-11-23
569,Rebecca Davies,Japan,2025-12-09
570,Thomas Cruz,Moldova,2025-07-11
571,Zachary Horne,Georgia,2025-04-06
572,William Abbott,Saint Martin,2024-03-30
573,Mary Smith,Andorra,2024-03-30
574,Joseph Powell,Martinique,2025-10-14
575,Jane Mccoy,Syrian Arab Republic,2024-08-16
576,Michelle Weaver DDS,Bhutan,2024-06-18
577,Lisa Hansen,Montserrat,2025-01-17
578,Richard West,Zimbabwe,2025-01-21
579,John Kelly,Kuwait,2025-11-15
580,Caitlin Jackson,Slovenia,2024-04-10
581,Chelsea Jenkins,Falkland Islands (Malvinas),2025-09-20
582,Danielle Patterson,Guinea,2024-12-09
583,Michelle Rivera DDS,Afghanistan,2024-06-02
584,Carmen Larson,Tunisia,2025-12-13
585,Tiffany Smith,Russian Federation,2025-12-13
586,Craig Fields,Niue,2025-12-26
587,Kristina Hernandez,Cocos (Keeling) Islands,2026-02-18
588,Laurie Odonnell,Turks and Caicos Islands,2025-09-14
589,David Brady,Svalbard & Jan Mayen Islands,2024-11-18
590,Matthew Chavez,Saint Vincent and the Grenadines,2025-05-14
591,Paul Brown,Italy,2025-04-18
592,James Anderson,Moldova,2026-01-17
593,Thomas Mejia,Kiribati,2024-11-15
594,Jennifer Edwards,Yemen,2025-10-07
595,John Campbell,Korea,2024-04-24
596,Shannon Davis,Netherlands Antilles,2026-01-09
597,Danielle Bennett,Solomon Islands,2026-02-07
598,Andrew Marquez,Chile,2025-11-28
599,Sandra Serrano,Reunion,2026-01-19
600,Deborah Suarez,Iran,2024-10-05
601,Austin Luna,Oman,2024-05-15
602,Lisa Garcia,Congo,2024-06-22
603,Tara Smith,Botswana,2024-06-10
604,Amy Mcmillan,Bermuda,2025-04-23
605,Robert Walker,Indonesia,2024-08-02
606,Pamela Gonzalez,Israel,2025-03-14
607,Tammy Brown,Heard Island and McDonald Islands,2025-03-30
608,Alex Lewis,Haiti,2026-01-16
609,Meghan Moore,Antigua and Barbuda,2025-11-13
610,Sheena Hahn,Tokelau,2025-10-08
611,Patricia Terry,Indonesia,2025-08-07
612,Megan May,Congo,2025-07-27
613,Jared Brennan,Lesotho,2024-04-24
614,David Gonzalez,Netherlands,2025-10-16
615,Sharon Hays,Mauritania,2025-08-14
616,Sarah Brennan,Reunion,2026-01-31
617,Nicole Harvey DVM,American Samoa,2024-04-06
618,Melissa Lambert,Congo,2024-10-20
619,Mark Martin,Paraguay,2024-03-26
620,Edwin Martin,Tuvalu,2025-12-14
621,Dennis Allen,Canada,2025-09-29
622,Abigail Curtis,Micronesia,2024-05-31
623,Andrea Nguyen,Yemen,2024-10-01
624,Jason Harris,Italy,2024-11-12
625,Mark Hart,Samoa,2025-07-22
626,Ronnie Garner,Algeria,2025-07-24
627,Hannah Thompson DVM,Iceland,2026-01-28
628,Edward Huber,Armenia,2026-03-01
629,Jennifer Reed,Anguilla,2026-01-17
630,Brian Gibson,Macao,2025-05-07
631,Erin Miranda,Heard Island and McDonald Islands,2024-11-13
632,Elizabeth Travis,Madagascar,2024-08-24
633,April Perez,Wallis and Futuna,2025-06-03
634,Angela Matthews,Western Sahara,2025-10-29
635,Jodi Anderson,Senegal,2024-03-17
636,Audrey Arnold,Mali,2025-11-02
637,Jesse Garcia,Bhutan,2025-05-27
638,Katie Donaldson,Taiwan,2025-10-07
639,Katherine Bell,Italy,2025-02-23
640,James Joyce,Swaziland,2024-10-20
641,Pamela Atkins,Burundi,2024-10-07
642,Timothy Clarke,Luxembourg,2024-05-29
643,Jennifer Cameron,Cuba,2024-12-13
644,Mary Kennedy,Singapore,2024-05-21
645,Alicia Moore,Maldives,2025-06-14
646,John Rodriguez,Guinea,2024-06-05
647,Katherine Estrada,Venezuela,2024-11-02
648,Emma Phillips,Reunion,2026-02-19
649,Jorge Martin,French Polynesia,2025-05-04
650,Angelica Lynch,Croatia,2025-01-15
651,Marcus Thomas,Belarus,2024-10-07
652,Mary White,Kenya,2026-01-16
653,Maria Bush,Bangladesh,2025-08-04
654,Deborah Kelley,Northern Mariana Islands,2025-04-19
655,Jonathan Patton,Cayman Islands,2025-11-01
656,Joshua Thomas,Algeria,2024-08-05
657,Cheryl Berry,Haiti,2025-07-01
658,Connie Clark,Mauritius,2024-10-02
659,Dr. Jim Taylor,Denmark,2025-02-04
660,Katherine Rodriguez,Indonesia,2025-01-19
661,Sarah Carson MD,South Georgia and the South Sandwich Islands,2025-04-22
662,Nathaniel Rogers,New Caledonia,2024-10-01
663,Kenneth Horn,Saint Vincent and the Grenadines,2024-11-16
664,Jesse Parker,Kazakhstan,2024-09-10
665,Robert Pacheco,Jamaica,2025-01-16
666,Madeline Ross,Cape Verde,2025-01-08
667,Henry Thompson,Netherlands Antilles,2025-01-29
668,Adrian Jackson,Malta,2025-01-13
669,Karen Owens,Andorra,2024-09-18
670,Mr. Jorge Forbes,Malta,2024-07-24
671,Laura Wade,Bulgaria,2024-08-26
672,Kelly Wright,Slovenia,2025-08-25
673,Joshua Vincent,Svalbard & Jan Mayen Islands,2024-11-01
674,Justin Garrison,Saint Pierre and Miquelon,2024-04-18
675,Erik Bowers,Syrian Arab Republic,2026-01-06
676,Dr. Christopher Sutton DDS,Bolivia,2025-08-31
677,Michelle Long,Djibouti,2025-09-17
678,Bryan Craig,Falkland Islands (Malvinas),2025-06-05
679,Lori Kim MD,Nicaragua,2025-10-01
680,Michael Snyder,Germany,2025-01-21
681,Tracey Santos,Korea,2024-03-31
682,Lisa Mitchell,Syrian Arab Republic,2025-01-05
683,Kenneth Hernandez,Guernsey,2024-06-18
684,Marc Mccarthy,Holy See (Vatican City State),2025-10-08
685,Jennifer Williams,Slovakia (Slovak Republic),2025-12-22
686,David Peterson,Malaysia,2025-10-30
687,Yvonne Reyes,Kazakhstan,2025-06-03
688,Rachael Todd,Saint Barthelemy,2025-12-18
689,Larry Bailey,Kyrgyz Republic,2025-11-29
690,Edward Jenkins,Slovakia (Slovak Republic),2024-08-03
691,Brittany Wall,Madagascar,2024-04-11
692,Monica Stanton,Afghanistan,2024-06-30
693,Amy Stanton,Luxembourg,2025-03-19
694,Leonard Sanchez,Montenegro,2025-08-22
695,Christine Kirk,Lebanon,2024-04-04
696,Michele Waller,Cambodia,2025-07-30
697,Lisa Wiggins,Tajikistan,2024-07-07
698,Kristina Carter,Chad,2025-11-13
699,Alexander Cooper,Romania,2024-05-20
700,Heather Hernandez,Burkina Faso,2024-07-19
701,John Bates,Kenya,2024-03-12
702,Brandon Kline,Sierra Leone,2025-12-26
703,Tammy Wood,Norfolk Island,2026-03-02
704,Nicholas Chang,China,2024-09-03
705,Cynthia Johnson,Macao,2026-02-21
706,Timothy Rodriguez,Taiwan,2025-10-28
707,Karen Mccoy,Saint Kitts and Nevis,2024-07-06
708,Brandon Eaton,United States Virgin Islands,2024-12-26
709,James Kirk,Georgia,2025-11-16
710,Lynn Herman,Malawi,2024-06-03
711,Angel Aguirre,Norway,2025-11-04
712,Evan Jones,Pakistan,2026-02-15
713,Mark Perry,Zimbabwe,2026-01-03
714,Thomas Lloyd,Afghanistan,2026-01-04
715,William Jordan,United States of America,2024-09-04
716,Craig Greene Jr.,Afghanistan,2025-09-08
717,James Harris MD,Yemen,2025-11-21
718,Daniel Lee,Latvia,2024-04-06
719,Derrick Peterson,Liechtenstein,2024-11-14
720,Melissa Jimenez,Burkina Faso,2024-07-18
721,Stephanie Weber,Ghana,2024-10-11
722,Suzanne Moss,Mexico,2024-09-25
723,Rachel Lawrence,Namibia,2025-09-11
724,Steve Walters,Guinea-Bissau,2025-11-15
725,Virginia Brown,Finland,2025-04-30
726,Chase Hall,Morocco,2024-09-25
727,Melinda Ortiz,Honduras,2025-01-31
728,Christopher Johnson,Hong Kong,2024-09-22
729,Paula Harris,Mexico,2025-08-25
730,Rebecca Hancock,Morocco,2024-06-08
731,David Lucas,French Polynesia,2025-12-17
732,Stephanie Cunningham,Cuba,2024-09-13
733,Alicia Middleton,Malaysia,2025-02-14
734,Melinda Franklin,Norfolk Island,2025-06-28
735,Kristopher Hubbard,Afghanistan,2025-03-21
736,Tracey Martinez,Chile,2026-02-12
737,Judith Schneider,Saint Kitts and Nevis,2025-06-19
738,Erin Delacruz,Uzbekistan,2025-09-28
739,William Nelson,Malta,2025-09-09
740,Kevin King,Afghanistan,2025-05-31
741,Terry Green,Iceland,2026-01-24
742,Stacy Bowers,Eritrea,2025-01-20
743,Scott Moore,Oman,2024-09-27
744,Nathan Long,Denmark,2025-09-26
745,Christopher Brooks,Gambia,2024-06-02
746,Sandra Forbes,Monaco,2026-02-11
747,Crystal Deleon,Papua New Guinea,2026-02-09
748,Peter Knight,Liberia,2024-10-29
749,Daniel Bond,Cuba,2025-03-30
750,Whitney Alexander,China,2024-03-31
751,Donna Pena,North Macedonia,2025-12-30
752,Mr. Terry Lee,French Polynesia,2026-03-02
753,Debra Harper,Saint Martin,2025-02-10
754,Jessica Montoya,Timor-Leste,2025-10-30
755,Mark Sanchez,Zambia,2026-02-08
756,Katherine Carter,Czech Republic,2025-05-31
757,Amber Molina,Belarus,2025-07-24
758,Stephanie Bates,Philippines,2024-09-30
759,David Delacruz,Turks and Caicos Islands,2024-09-13
760,Albert George,Anguilla,2024-07-08
761,Angela Simpson,Ecuador,2024-03-15
762,Danny Pacheco,Saint Pierre and Miquelon,2024-12-31
763,Andrew Evans,Andorra,2024-05-03
764,Rebecca Bentley,Sao Tome and Principe,2025-08-07
765,Richard Chambers,Philippines,2025-08-01
766,Jeffrey Donaldson,Comoros,2024-06-10
767,Natalie Wood,Malaysia,2026-01-08
768,Blake Hubbard,Mali,2025-02-21
769,Amanda Cohen,Lebanon,2024-12-19
770,Tiffany Santana,Cayman Islands,2024-04-12
771,Lisa Jackson,Vietnam,2026-01-15
772,Kelly Russell,Greece,2024-05-08
773,Ricky Odom,Bahrain,2024-07-01
774,Kathryn Klein,Brazil,2025-02-21
775,Casey Lane,Congo,2025-06-18
776,Brian Choi,American Samoa,2025-01-21
777,Olivia Weber,Equatorial Guinea,2026-02-19
778,Sheri Diaz,Azerbaijan,2025-12-10
779,Katrina Black,Ukraine,2024-09-17
780,Kayla Graves,British Virgin Islands,2025-06-04
781,Christopher Reed,Tuvalu,2025-06-23
782,Sherry Lee,British Indian Ocean Territory (Chagos Archipelago),2024-06-20
783,Lisa Hill,Guyana,2025-08-18
784,Justin Adams,Kyrgyz Republic,2024-06-12
785,Dr. Bradley Khan,Cape Verde,2024-08-19
786,Tyler Jones,Fiji,2025-09-05
787,Martin White,Qatar,2024-10-14
788,Scott Atkinson,Saint Vincent and the Grenadines,2025-01-22
789,Jessica Williams,Jamaica,2024-12-05
790,Heather Graham,Cuba,2025-09-24
791,Amy Horne,Gibraltar,2024-09-24
792,Kenneth Turner,Guam,2025-09-20
793,Steven Wilson,Falkland Islands (Malvinas),2024-03-18
794,Sandra Glass DVM,Uzbekistan,2025-03-05
795,Karla Pearson,Ireland,2026-03-05
796,Kyle Sexton,Denmark,2024-05-02
797,John Riley,Lithuania,2024-04-17
798,Kayla James,Cyprus,2024-04-02
799,Kelly Turner,Liechtenstein,2025-06-29
800,Dustin Avila,Heard Island and McDonald Islands,2024-07-09
801,Jon Davenport,Gibraltar,2025-02-02
802,Karen York,Finland,2024-04-02
803,Joshua Green,Lesotho,2026-01-12
804,Duane Taylor,Nigeria,2025-12-20
805,Daniel Wright,Tonga,2024-11-28
806,Randy Bruce,New Caledonia,2026-03-08
807,Rachel Francis,Djibouti,2025-03-05
808,Patty Hill,Uruguay,2024-07-09
809,Michael Harvey,Eritrea,2024-10-12
810,Mr. Steven Ryan,Rwanda,2024-11-14
811,Rebecca Wright,Iran,2025-03-14
812,Mathew Pearson,Mexico,2026-02-11
813,Marcus Armstrong,Pakistan,2026-01-31
814,Vanessa Montgomery,Jordan,2024-07-29
815,Michael Valdez,Equatorial Guinea,2024-05-15
816,Zachary Barry,Guernsey,2024-03-24
817,Mr. Eric Bean III,India,2026-02-13
818,Cheryl Ward,Korea,2025-03-10
819,Timothy Osborne,Equatorial Guinea,2024-07-22
820,Susan Duarte,Portugal,2024-05-11
821,Robert Yates,Lesotho,2026-01-26
822,Michael Harris,Andorra,2026-01-06
823,Michael Sanders,Greece,2026-01-01
824,Mark Brock,Cote d'Ivoire,2025-02-24
825,Allison Wood,Angola,2025-03-11
826,Alexa Armstrong,Niger,2026-02-17
827,Christopher Combs,Palau,2024-09-11
828,James Molina,Taiwan,2024-11-30
829,Cynthia Middleton,Netherlands,2025-06-07
830,Susan Hall,Timor-Leste,2025-01-10
831,Robert Lopez,Liberia,2025-03-07
832,Daniel Williams Jr.,Cocos (Keeling) Islands,2025-08-17
833,Mary Crane,United States Virgin Islands,2024-12-10
834,Tammy Williams,French Southern Territories,2025-01-31
835,Billy Smith,Ecuador,2025-11-20
836,Ashley Rose,Mali,2025-09-25
837,Kaylee Weber,Costa Rica,2024-12-22
838,Kristopher Love,Egypt,2026-01-25
839,Daniel Thompson,Saint Vincent and the Grenadines,2024-08-10
840,Shane Mack,United States Virgin Islands,2025-11-24
841,Sarah Reynolds,Lithuania,2025-10-15
842,Russell Mcgee,Sierra Leone,2025-09-18
843,Cheryl Scott,Slovakia (Slovak Republic),2024-10-09
844,Ronald Vaughn,Mauritania,2025-08-14
845,John Williams,Guinea-Bissau,2025-02-20
846,Michelle Norton,Cayman Islands,2024-08-03
847,Joshua Spencer,Turkey,2025-10-06
848,Dustin Todd Jr.,Solomon Islands,2025-05-20
849,Brian Garcia,Ecuador,2025-07-10
850,Nicole Boone,Nepal,2025-06-18
851,Mary Tate,Antigua and Barbuda,2025-10-04
852,Jennifer Brown,Mozambique,2024-05-18
853,James Preston,Costa Rica,2025-09-03
854,Anna Bowman,Palestinian Territory,2024-04-15
855,Robert Mejia,Malta,2024-06-13
856,Jorge Martinez,Togo,2025-04-19
857,Ian Dominguez,Belize,2025-12-12
858,Carolyn Butler,Oman,2025-04-20
859,Christopher Martin,Lao People's Democratic Republic,2024-07-07
860,Kaylee Jackson,Hong Kong,2024-07-23
861,Monica Collins,Afghanistan,2024-04-18
862,Lisa Kim,Falkland Islands (Malvinas),2024-06-29
863,Matthew Whitaker,Bangladesh,2025-06-21
864,Corey Lewis,North Macedonia,2025-10-24
865,Bryan Olsen,Swaziland,2025-04-13
866,Katherine Taylor,Madagascar,2024-04-14
867,Emily Larsen,Cocos (Keeling) Islands,2025-08-03
868,Jennifer Fisher,Tuvalu,2025-01-15
869,Mark Kim,Czech Republic,2025-04-05
870,Christopher Henry,Sri Lanka,2025-11-12
871,Christian Johnson,Gibraltar,2025-07-01
872,Stephen Golden,Macao,2024-03-25
873,Ryan Webster,Israel,2024-08-26
874,Andrew King DDS,Equatorial Guinea,2025-07-19
875,Kathleen Bauer,Liberia,2024-10-02
876,Christine Howard,Brunei Darussalam,2025-08-26
877,Sierra Dunn,Saint Barthelemy,2025-11-12
878,John Williams,Bouvet Island (Bouvetoya),2025-07-06
879,Nancy Bates,Samoa,2025-12-13
880,Alexander Crosby,Bahamas,2025-08-07
881,Stephanie Moss,Gambia,2024-10-09
882,Lawrence Watkins,Kenya,2026-02-17
883,Barry Weaver,Barbados,2025-02-22
884,Lisa Stewart,Croatia,2025-08-03
885,Michael Mendoza,Isle of Man,2025-05-27
886,Gregg Adams,Saint Kitts and Nevis,2025-05-25
887,Dr. Michael Lewis,Martinique,2024-11-13
888,Kimberly Flores,Samoa,2024-12-02
889,Carolyn Campbell,Bahamas,2025-01-20
890,Nathan Jimenez,Mauritius,2025-03-29
891,Anthony Ferguson,Sri Lanka,2026-01-18
892,Mrs. Morgan Ramirez,Reunion,2024-04-10
893,William Peterson,Isle of Man,2025-08-19
894,Elizabeth Ingram,Saint Martin,2024-03-23
895,Jeffrey Matthews,Kuwait,2024-12-01
896,Catherine Schmidt,Aruba,2024-08-14
897,Donna Clark,Wallis and Futuna,2025-01-04
898,Sarah Powell,Iceland,2025-06-01
899,Jeffery Clark,Japan,2025-09-01
900,Jennifer Crane,Bangladesh,2025-02-07
901,Timothy Jordan,Bosnia and Herzegovina,2024-10-26
902,Robert Preston,New Caledonia,2024-09-16
903,Patricia Hebert,Bahrain,2024-05-02
904,Kathryn Hall,United Arab Emirates,2025-11-15
905,Colleen Scott,North Macedonia,2025-07-03
906,Alice Harrell,Somalia,2024-03-31
907,Michael Craig,Papua New Guinea,2026-03-05
908,Johnny Martinez,Martinique,2025-06-25
909,Kayla Tran,Greenland,2024-06-16
910,Megan Hoffman,Turkey,2024-04-25
911,Casey Francis,Northern Mariana Islands,2025-01-11
912,Danielle Blair,Guatemala,2024-03-10
913,Karla Melton,Sudan,2025-05-10
914,Shelley Edwards,Cocos (Keeling) Islands,2025-09-28
915,Julie Hunter,Sao Tome and Principe,2025-11-19
916,Adam Sosa,Latvia,2025-03-20
917,Billy Kirby,Serbia,2025-09-25
918,Stacy Bailey,Argentina,2024-09-01
919,Anna Brown,Luxembourg,2025-07-12
920,Ronald Woods,Bouvet Island (Bouvetoya),2025-12-05
921,Alexis York,Paraguay,2025-04-19
922,Walter Burton,Holy See (Vatican City State),2024-08-25
923,Nicole Cain,Niue,2025-01-24
924,Angela Lopez,Morocco,2026-01-25
925,Alec Reynolds,Morocco,2024-10-18
926,Sharon Thompson,New Caledonia,2025-02-25
927,Barbara Harris,Solomon Islands,2024-06-19
928,Joy Ruiz MD,Kenya,2024-08-05
929,Johnathan Cohen,United States of America,2025-07-31
930,Samantha Baird,Niue,2026-02-06
931,John Lewis,Cameroon,2025-07-24
932,Todd Young,Cameroon,2025-05-06
933,Larry Hubbard,Kiribati,2024-08-01
934,Daniel Wells,Lao People's Democratic Republic,2024-12-23
935,Julia Velasquez,Zimbabwe,2025-11-19
936,Patrick Benson,Bhutan,2025-09-22
937,Amy Mckee,Liberia,2025-09-01
938,Sheri Harris,Libyan Arab Jamahiriya,2025-09-24
939,Jeffrey Arnold,Turkey,2024-03-12
940,Jackie Drake,Iceland,2024-09-28
941,Christopher Wheeler,Rwanda,2025-07-13
942,Carol Obrien,Spain,2025-11-05
943,Traci Cook,Singapore,2025-12-10
944,Mark Clark,Guyana,2025-04-21
945,Christopher Moore,Heard Island and McDonald Islands,2024-09-23
946,John Boyle,Argentina,2025-06-13
947,Barry Hoffman DDS,San Marino,2025-04-30
948,Rodney Rubio,Rwanda,2026-02-14
949,James Shelton,Hungary,2024-08-20
950,Molly Pearson,Tajikistan,2025-07-15
951,Benjamin Long,Netherlands,2024-04-21
952,Sherri Cisneros,Albania,2025-05-21
953,Heidi Williamson,Wallis and Futuna,2024-12-30
954,Ms. Jessica Williams,Chad,2024-08-13
955,Dr. Wesley Beck,Peru,2025-06-03
956,Michelle Alvarez,Isle of Man,2025-04-07
957,Kimberly Johnson,Costa Rica,2024-04-17
958,James Merritt,Lebanon,2025-08-04
959,Dr. Phillip Reeves,Cote d'Ivoire,2024-10-13
960,Wesley Adams,Philippines,2025-04-25
961,Darin Ritter,Nicaragua,2025-02-13
962,Sarah Wilson,Lithuania,2026-01-25
963,William Rodriguez,Ghana,2024-10-26
964,Angel Rivera,Spain,2025-09-06
965,Douglas Bradford,Uganda,2026-02-02
966,Timothy Estrada,Venezuela,2024-06-02
967,John Leon,Falkland Islands (Malvinas),2024-07-11
968,Christopher Knapp,Ghana,2024-06-24
969,Ann Franco,Martinique,2025-10-21
970,Ronald Monroe,Lesotho,2025-03-17
971,Jennifer Jenkins,Antarctica (the territory South of 60 deg S),2025-04-24
972,Jessica Carroll,Ireland,2024-07-31
973,Chelsea French,Italy,2025-11-29
974,Crystal Watson,Lebanon,2026-01-03
975,Melinda Arnold,Serbia,2024-05-11
976,Mr. Brian Rodriguez,Hungary,2024-07-13
977,Jennifer Dalton,Germany,2024-08-04
978,Jorge Jones,Andorra,2024-07-13
979,Lisa Kim,British Indian Ocean Territory (Chagos Archipelago),2025-02-23
980,Andrea Nelson,Brunei Darussalam,2025-11-08
981,Sydney Klein,Philippines,2024-11-19
982,William Mccormick,Taiwan,2024-03-22
983,Kenneth Clark Jr.,Tokelau,2024-04-17
984,Richard Wilson,France,2024-08-13
985,Patricia Clark,Maldives,2026-01-11
986,Suzanne Graham,Montenegro,2024-10-02
987,Michael Meyer,American Samoa,2024-05-01
988,Frank Harris,Zimbabwe,2024-07-18
989,Linda Gonzales,Holy See (Vatican City State),2026-02-04
990,Mr. Matthew Bryant,India,2025-11-01
991,Lauren Hunt,Lithuania,2025-08-31
992,Zachary Sanchez,Grenada,2024-07-27
993,Destiny Mitchell,Egypt,2025-06-23
994,Lori Atkins,Honduras,2025-12-29
995,David Humphrey,Timor-Leste,2025-04-26
996,Elizabeth Savage,Puerto Rico,2024-07-13
997,Suzanne Hunter,French Polynesia,2024-03-22
998,Amanda Snyder,Iraq,2024-09-10
999,Michael Donaldson,Madagascar,2025-08-01
1000,Nicholas Barker,Australia,2025-05-11
1001,Natalie Barnett,Maldives,2025-07-17
1002,Paul Porter,El Salvador,2024-08-01
1003,Jordan Green,Rwanda,2024-07-15
1004,Samuel Butler,Croatia,2024-05-20
1005,Robert Vazquez,Nepal,2024-05-15
1006,Matthew Bauer,Puerto Rico,2025-10-29
1007,Dustin Wong,Papua New Guinea,2025-11-01
1008,Carol French,Tunisia,2024-10-24
1009,Tabitha Walsh,Portugal,2026-01-14
1010,Micheal Woods,Afghanistan,2025-10-25
1011,Morgan Escobar,Holy See (Vatican City State),2024-11-03
1012,James Day,Korea,2024-11-23
1013,Craig Waller,Haiti,2025-12-16
1014,Andrew Boyd,Luxembourg,2024-07-31
1015,Denise Stewart,Niue,2025-04-09
1016,Terrance Hodges,El Salvador,2025-12-26
1017,Karen Pittman,Iran,2024-05-18
1018,Sean Rowe,United States Minor Outlying Islands,2024-07-24
1019,Sara Arnold,Grenada,2025-10-22
1020,David Henson,Nicaragua,2026-02-11
1021,Tonya Nunez,Bangladesh,2025-06-20
1022,Leslie Williams,Niger,2025-03-02
1023,Tracey Nguyen,Peru,2024-12-20
1024,Rick Terry,Egypt,2025-12-15
1025,Timothy Myers,Dominican Republic,2026-01-25
1026,Cheryl King,Seychelles,2025-02-02
1027,Karen Melton,Western Sahara,2025-07-10
1028,Amanda Reese,Yemen,2025-12-02
1029,Jeffrey Hess,Greenland,2024-08-07
1030,James Patel,Nepal,2024-04-10
1031,Juan Fleming,Saint Pierre and Miquelon,2024-09-19
1032,Thomas Martin,Jordan,2024-04-06
1033,Susan Gomez,Saint Helena,2024-12-26
1034,Kari Clark,Bolivia,2024-11-04
1035,Nichole Williams,Jamaica,2025-08-12
1036,Steven Shepherd,Libyan Arab Jamahiriya,2025-01-01
1037,Priscilla Phillips,Netherlands Antilles,2025-11-08
1038,Dawn Hobbs,Lebanon,2024-05-05
1039,Madison Herrera,Algeria,2025-01-17
1040,Lauren Singh,Guinea,2025-06-20
1041,Brittany Robbins,Cameroon,2024-10-08
1042,Douglas Barnett,Kazakhstan,2024-09-27
1043,Gary Perry,Lesotho,2024-11-18
1044,Mr. Justin Turner,Kuwait,2026-02-02
1045,Thomas Compton,Netherlands,2025-09-11
1046,Roy Reid,Malaysia,2025-08-23
1047,Luis Garcia,San Marino,2024-11-16
1048,Raymond Waters,Namibia,2025-12-17
1049,Melanie Walsh,Tanzania,2025-05-09
1050,Christopher Burnett,Equatorial Guinea,2025-11-18
1051,James Smith,Saint Martin,2025-08-23
1052,Ronald Leon,Japan,2024-06-12
1053,Linda Soto,Burundi,2025-02-07
1054,Todd Hughes,Hungary,2024-09-10
1055,Joy Baker,Cambodia,2024-05-02
1056,Tiffany Smith,Antarctica (the territory South of 60 deg S),2025-03-21
1057,William Wilson,Nauru,2025-06-23
1058,Steven Turner,Reunion,2025-02-03
1059,Carrie White,Morocco,2024-10-29
1060,Charles Burch,Saint Kitts and Nevis,2025-04-15
1061,Crystal Dennis,Papua New Guinea,2024-06-22
1062,Angela Harris,Northern Mariana Islands,2024-05-23
1063,Daniel Moreno,Lao People's Democratic Republic,2024-11-28
1064,Wayne Howard,Saint Lucia,2026-01-11
1065,Jacob Gamble DDS,Papua New Guinea,2026-03-03
1066,Matthew Newman,Myanmar,2024-06-15
1067,Matthew Phillips,Timor-Leste,2025-12-27
1068,Jean Franklin,Saint Lucia,2024-08-19
1069,Christina Fox,Lesotho,2024-08-08
1070,Kyle Wilson,Uzbekistan,2025-10-30
1071,Kimberly Bonilla,Falkland Islands (Malvinas),2024-08-14
1072,Robert Reynolds,Benin,2025-12-26
1073,Hayden Lewis,Argentina,2025-03-31
1074,Brandy Warren,Norway,2025-12-18
1075,Sara Reilly,Netherlands,2025-07-15
1076,Stephanie Merritt,Western Sahara,2025-03-14
1077,Stanley Hays,Gambia,2024-08-28
1078,Scott Molina,Cote d'Ivoire,2024-07-04
1079,Michael Maxwell,Estonia,2025-10-27
1080,Stephen Reeves,Isle of Man,2025-08-25
1081,Jason West,Peru,2025-12-04
1082,Kimberly Sanchez,Zimbabwe,2024-06-03
1083,James Sherman,Estonia,2025-12-14
1084,Grant Newton,Saint Barthelemy,2025-08-11
1085,Dr. Jenny Parsons,Guinea-Bissau,2024-05-01
1086,Lindsey Thomas,Sri Lanka,2026-02-01
1087,Stuart Sanders MD,Netherlands Antilles,2024-08-01
1088,Chad Murphy,Tunisia,2024-07-31
1089,Miss Rachel Rodriguez,Jersey,2025-08-13
1090,David Gomez,Madagascar,2025-12-04
1091,Jeremy Kirk,Benin,2024-04-30
1092,Robert Barry,Cyprus,2024-08-31
1093,Ronald Peters,Libyan Arab Jamahiriya,2026-03-06
1094,Ryan Davis,New Caledonia,2025-09-03
1095,Anne Fry,Saudi Arabia,2025-12-28
1096,Roberto Jacobson,Russian Federation,2025-08-09
1097,Jeffery Lopez,Heard Island and McDonald Islands,2024-04-10
1098,Gregory Martin,Nicaragua,2026-01-03
1099,Molly White,Cocos (Keeling) Islands,2025-02-18
1100,Steven Green,Benin,2024-09-19
1101,Nicole Moore,Guinea-Bissau,2025-07-12
1102,Sally Tucker,Venezuela,2025-06-26
1103,Michael Hernandez,Bolivia,2025-05-26
1104,Ashley Lyons,Norfolk Island,2026-02-05
1105,Bryan Beck,Tuvalu,2025-06-25
1106,Amanda Stephenson,South Georgia and the South Sandwich Islands,2026-02-24
1107,Amy Figueroa,Sweden,2024-11-24
1108,Robert Farmer,Brunei Darussalam,2025-08-30
1109,Jacob Good,Congo,2025-05-01
1110,Tyler Wilson,Fiji,2025-12-02
1111,Sonya Sandoval,Djibouti,2025-08-31
1112,Jennifer Young,Liberia,2024-10-06
1113,Bruce Bradford,Bermuda,2026-01-13
1114,Judith Fletcher,Iraq,2025-01-20
1115,Amy Roberts,Dominica,2024-08-04
1116,Randy Reyes,Guadeloupe,2025-08-04
1117,Chelsea Carney,Bangladesh,2026-01-25
1118,Natalie Avila,Mongolia,2024-05-18
1119,Denise Summers,Estonia,2024-06-15
1120,Tracy Washington,Korea,2025-12-25
1121,Traci Walls,Slovenia,2025-11-18
1122,Joseph Faulkner,Jamaica,2025-07-17
1123,Gabrielle Martinez,British Indian Ocean Territory (Chagos Archipelago),2024-06-15
1124,Keith Welch,Palestinian Territory,2026-02-04
1125,Louis Yu,Bhutan,2025-08-23
1126,Scott Villanueva,Lao People's Democratic Republic,2024-06-10
1127,Hannah Roy MD,Timor-Leste,2025-02-14
1128,Melissa Dickson,Mongolia,2024-10-29
1129,Courtney Barry,Grenada,2024-11-09
1130,Eric Graham,Central African Republic,2024-07-30
1131,Shannon Reese,Denmark,2024-03-15
1132,Jeffrey Murphy DDS,Holy See (Vatican City State),2024-10-14
1133,Zachary Guerra,Tanzania,2025-02-21
1134,Keith Jones,Svalbard & Jan Mayen Islands,2024-10-28
1135,Paul Ball,Bosnia and Herzegovina,2025-10-08
1136,Lawrence Allen,Northern Mariana Islands,2024-06-25
1137,Alexander Jackson,Bouvet Island (Bouvetoya),2024-12-26
1138,Scott Marshall,Malta,2025-07-26
1139,Jonathan Palmer Jr.,Suriname,2024-12-17
1140,David Blanchard,Japan,2026-01-30
1141,Shaun Sandoval PhD,San Marino,2024-12-27
1142,Casey Williams,Zimbabwe,2024-08-08
1143,Erik Miller,Peru,2025-01-19
1144,Jennifer Hall,Germany,2025-05-13
1145,Kimberly Peterson,British Virgin Islands,2024-10-15
1146,Joseph Woods,Rwanda,2025-11-06
1147,Michael White,Macao,2026-02-01
1148,Lindsey Pena,Sao Tome and Principe,2024-12-21
1149,Brenda Boyd,Gambia,2025-07-24
1150,Emily Oliver,Serbia,2024-09-23
1151,Rachel Vargas,Ghana,2026-01-09
1152,Rick Parker,British Virgin Islands,2025-05-18
1153,Mark Kennedy,Puerto Rico,2025-07-12
1154,Zachary Clark,Sierra Leone,2024-05-16
1155,Annette Dixon,Mexico,2024-11-30
1156,Carla Parker,China,2025-08-03
1157,Tonya Williams,Pakistan,2025-11-25
1158,Misty Briggs,Denmark,2024-05-18
1159,Christine Davis,French Guiana,2024-03-28
1160,Raymond Brown,Russian Federation,2024-11-26
1161,Cynthia Smith,Saint Lucia,2025-12-09
1162,Victor Watson,Dominica,2025-12-20
1163,Ethan Sanchez,Dominica,2025-10-18
1164,Carol Daniels,Georgia,2024-06-01
1165,Melinda Pennington,Suriname,2025-09-21
1166,Monique Mullins,Guinea,2025-07-01
1167,Paul Logan,Mali,2025-08-26
1168,Lisa Meadows,Panama,2025-01-26
1169,Katherine Mitchell,Honduras,2024-07-10
1170,Julie Murphy,Benin,2024-07-14
1171,Jared Morris,Netherlands Antilles,2024-10-09
1172,Alexandra Cordova,Cape Verde,2024-12-27
1173,Julie Schneider,Belgium,2026-02-12
1174,Denise Sparks,Congo,2024-06-13
1175,Alexandra Wright,Israel,2024-06-16
1176,Dr. Devin Curry,Denmark,2024-12-23
1177,Jessica Smith,Italy,2024-07-06
1178,Leon Collins,Iceland,2025-02-17
1179,Gina Davies,Taiwan,2024-04-19
1180,Priscilla Bond,Bhutan,2025-05-29
1181,Lori Sparks,Qatar,2025-05-17
1182,Thomas Nash,Jamaica,2026-02-28
1183,Logan Nelson,Lao People's Democratic Republic,2025-12-05
1184,Mary Hendricks,Venezuela,2025-07-01
1185,Marc Olson,Japan,2025-11-18
1186,Donna Miller,Costa Rica,2026-01-08
1187,Robert Ayers,United States of America,2025-04-08
1188,Victoria Cohen,Greenland,2025-11-10
1189,Jennifer Roach,United Arab Emirates,2025-01-13
1190,James Lopez,Turkey,2025-04-18
1191,Kelly Jackson,Italy,2025-07-19
1192,Janice Gamble,Namibia,2025-08-09
1193,Jennifer Obrien,Cyprus,2025-07-21
1194,Frank Sullivan,Dominica,2025-06-25
1195,Kenneth West,Cameroon,2024-09-24
1196,Robert Marsh,Northern Mariana Islands,2024-04-02
1197,Mrs. Sara Rodriguez,United States of America,2025-06-16
1198,Michael Miranda,Philippines,2025-05-08
1199,Virginia Wright,Bahamas,2025-10-19
1200,Maxwell Martin,Samoa,2024-05-21
1201,Ashley Faulkner,Aruba,2025-05-15
1202,Jeremy Nielsen,Albania,2025-07-23
1203,Antonio Barber,South Georgia and the South Sandwich Islands,2024-09-25
1204,Michael Wolfe,Fiji,2024-09-03
1205,Antonio Baker,Micronesia,2026-02-19
1206,Madison Preston,Kyrgyz Republic,2024-05-12
1207,Angela White MD,Trinidad and Tobago,2025-09-04
1208,Patrick Smith,Eritrea,2024-03-08
1209,John Parker,Cook Islands,2025-07-15
1210,David Rodriguez,Somalia,2025-06-25
1211,Krista Johnson,Saint Barthelemy,2026-02-21
1212,Katherine Mcconnell,Greece,2025-01-03
1213,Brenda Lee,Guatemala,2024-11-13
1214,Sierra Roberts,French Polynesia,2024-08-13
1215,Jonathan Sellers,Greenland,2024-11-05
1216,James Sanders,Czech Republic,2025-12-02
1217,Pamela Morales,North Macedonia,2026-02-01
1218,Glenn Rodriguez,United States Virgin Islands,2025-08-20
1219,Caitlin Harris,Saint Kitts and Nevis,2024-03-24
1220,Jonathan Smith,Sweden,2025-03-29
1221,Julie Franco,Montenegro,2025-09-13
1222,David Murphy,Niue,2024-06-18
1223,Evelyn Boyd,Bermuda,2025-01-06
1224,Jared Cole,Malta,2024-06-21
1225,Ian Johnson,Ukraine,2025-08-22
1226,Brian Oliver,Guyana,2025-04-11
1227,Nicholas Gregory,Iceland,2024-06-14
1228,Aaron Hall,Malawi,2024-06-22
1229,Cindy Alexander,French Southern Territories,2024-12-17
1230,Ashley Green,Equatorial Guinea,2024-11-11
1231,Katherine Melton,Guernsey,2026-03-06
1232,Christopher Bishop,Belize,2026-02-14
1233,Adam Chavez,Cote d'Ivoire,2024-07-25
1234,Bradley Johnson,Malta,2026-02-17
1235,Anthony Larson,Croatia,2025-08-27
1236,Tina Cameron,Fiji,2025-12-09
1237,Brandon George,Cameroon,2026-01-16
1238,Rebecca Cole,Singapore,2025-07-18
1239,John Gilbert,Palau,2025-08-27
1240,Kevin Poole,Congo,2025-05-22
1241,Robert Boyd,Zimbabwe,2025-06-27
1242,Ashley Turner,Colombia,2025-03-27
1243,Christian Hernandez,Mauritania,2025-01-07
1244,Rebecca Morales,Equatorial Guinea,2025-05-17
1245,Kristina Farmer,Switzerland,2025-04-10
1246,Lisa Singleton,Netherlands,2025-10-09
1247,Robert Terrell,Serbia,2025-07-05
1248,Samantha Bowers,Ireland,2025-10-29
1249,Rebecca Jones,Ethiopia,2024-08-11
1250,Sarah Robinson,Timor-Leste,2024-12-04
1251,Jennifer Chavez,United States Minor Outlying Islands,2024-05-09
1252,Brian Wagner,Luxembourg,2024-05-29
1253,Linda Washington,Syrian Arab Republic,2024-11-20
1254,Stacey Gomez,France,2025-03-23
1255,Craig Brown,French Polynesia,2025-01-11
1256,Christine Kennedy,Slovakia (Slovak Republic),2024-07-09
1257,Megan Shaw,Heard Island and McDonald Islands,2024-10-26
1258,Charles Ballard,Tanzania,2025-01-14
1259,Shaun Moore,Australia,2025-04-09
1260,Barbara Stokes,French Southern Territories,2024-04-21
1261,Bradley Jones,Norfolk Island,2024-07-01
1262,Karen Wright,Gabon,2026-02-12
1263,Jeffery Barker,Greenland,2024-04-10
1264,Keith Thomas,Romania,2024-09-26
1265,Gregory Eaton,Korea,2024-08-07
1266,Julia Bauer,Italy,2024-09-14
1267,Alejandro Olson DDS,Aruba,2025-07-02
1268,Tammy Lowe,Sudan,2024-07-25
1269,Elizabeth Aguilar,Liberia,2024-08-25
1270,Robert Carter,Bhutan,2026-01-04
1271,Jesse Butler,Christmas Island,2025-06-10
1272,Steven Chandler,Vietnam,2025-05-18
1273,Brian Smith,Benin,2025-06-23
1274,Laura Osborne,Hungary,2025-11-10
1275,Jeffrey Combs,Latvia,2024-03-11
1276,William Stevens,Vanuatu,2024-10-16
1277,Ashley Wood,Greenland,2025-09-12
1278,Katie Mason,Tajikistan,2024-11-01
1279,Daniel Jones,Kiribati,2024-06-16
1280,Gabriela Fisher,Moldova,2025-06-21
1281,Mark Cole,Niue,2024-12-03
1282,James Gross,Somalia,2025-12-05
1283,Katrina Thornton,Korea,2025-11-10
1284,Sandra Parks,Malawi,2025-01-10
1285,Lori Woodward,Monaco,2025-02-28
1286,Chelsea Mendoza,Oman,2026-03-02
1287,Jessica Martinez,Albania,2025-07-17
1288,Gabrielle Turner,Comoros,2025-10-02
1289,Dustin Dodson,Iceland,2024-08-21
1290,Victoria Shepherd,Rwanda,2024-10-08
1291,Courtney Johns,Puerto Rico,2024-06-02
1292,Sarah Lopez,Faroe Islands,2025-04-20
1293,Michael Rogers,Cook Islands,2024-11-05
1294,Joshua Johnson,Burundi,2026-02-24
1295,Jessica Brooks,Uruguay,2025-10-12
1296,Christina Levine,Cameroon,2025-07-21
1297,Kimberly Foster,United Arab Emirates,2026-03-03
1298,Stephen Tate,Bhutan,2025-03-27
1299,Terry Christensen,South Africa,2024-07-02
1300,Tommy Williams,American Samoa,2024-04-24
1301,Amy Jones,Japan,2024-09-04
1302,Amanda Henry,Monaco,2025-10-08
1303,Kristi Ortiz,Niger,2024-03-24
1304,Erica Smith,Svalbard & Jan Mayen Islands,2024-08-18
1305,Denise Michael,Jersey,2024-11-18
1306,Douglas Garcia,Swaziland,2024-08-25
1307,Ruth Dyer,China,2025-10-19
1308,Laura Williams,Austria,2025-09-16
1309,Anne Jackson,Guyana,2025-02-09
1310,Savannah Price,Singapore,2024-04-13
1311,Sean Armstrong,Greece,2025-02-09
1312,William Blackwell,Micronesia,2025-04-09
1313,Tracy Mitchell,Falkland Islands (Malvinas),2025-11-29
1314,Kathy Cunningham,Hong Kong,2024-12-13
1315,Craig Allen,Moldova,2025-12-31
1316,Darrell Smith,Denmark,2026-02-05
1317,Benjamin Nelson,Micronesia,2025-02-05
1318,Mark Hart,Colombia,2024-06-21
1319,Debbie Johnson,Cameroon,2025-05-17
1320,Monica Luna,Sudan,2024-07-11
1321,Susan Moody,Antarctica (the territory South of 60 deg S),2025-12-01
1322,Larry Cummings,Hong Kong,2024-03-30
1323,Felicia Smith,Croatia,2026-01-04
1324,Elijah Hardy,Bahrain,2024-09-02
1325,John Lindsey,Grenada,2025-04-27
1326,Susan Garcia,Niger,2025-09-04
1327,Oscar Chan,Germany,2025-06-08
1328,Phillip Brown,Faroe Islands,2024-05-01
1329,Cody Wong,Sweden,2025-11-04
1330,Katherine Jackson,Somalia,2025-03-20
1331,Linda Gardner,Palestinian Territory,2024-08-01
1332,Kimberly Jones,Martinique,2024-12-05
1333,Adam Weaver,Ethiopia,2024-06-02
1334,Angela Henderson,French Guiana,2025-05-17
1335,Courtney Jackson,Madagascar,2024-10-07
1336,Richard Smith,Aruba,2025-03-29
1337,Stacy Sanchez,Tajikistan,2025-04-15
1338,Wendy Williams,Austria,2025-05-29
1339,Ruth Gilmore,Cayman Islands,2024-11-27
1340,Valerie Shaw,Serbia,2024-11-25
1341,Carrie Johnson,Belgium,2025-11-04
1342,Mallory Pearson,Bolivia,2024-06-30
1343,Dr. Joshua Rodriguez,Kenya,2024-08-18
1344,John Flores,Burundi,2024-07-17
1345,Andrew Carlson,Bulgaria,2024-05-04
1346,Michelle Roberts,Afghanistan,2024-12-30
1347,Mrs. Courtney Simpson MD,Ukraine,2024-05-16
1348,Michael Klein,Svalbard & Jan Mayen Islands,2025-06-06
1349,Sarah Welch,Cape Verde,2024-09-23
1350,Jeffrey Douglas,Nicaragua,2024-05-13
1351,Danielle Olson,Sudan,2025-07-21
1352,Matthew Davis,China,2024-10-13
1353,Alexander Lara,Sao Tome and Principe,2024-04-07
1354,Scott Moore,Mauritania,2026-03-08
1355,James Pennington,Norfolk Island,2025-10-08
1356,Michael Clark,Germany,2024-04-17
1357,Latasha Grant,Sweden,2024-12-28
1358,Christopher Cooper,Northern Mariana Islands,2026-03-07
1359,Melissa Peterson,Saint Helena,2024-08-18
1360,Brian Tucker,Palestinian Territory,2024-12-04
1361,Christopher Miller,Armenia,2025-12-12
1362,Christopher Short,Saint Vincent and the Grenadines,2026-02-27
1363,Kristen Gonzales,Egypt,2024-10-03
1364,Judy Huber,Zimbabwe,2024-04-20
1365,Courtney Navarro,British Virgin Islands,2026-03-02
1366,Michael Simpson,Palestinian Territory,2025-08-04
1367,Marilyn Powell,Holy See (Vatican City State),2025-11-17
1368,Joshua Alvarado,Syrian Arab Republic,2025-08-08
1369,Tonya White,Norfolk Island,2025-05-25
1370,Hunter Haynes,United States Minor Outlying Islands,2025-01-03
1371,William Reilly PhD,Switzerland,2025-02-09
1372,Laura Washington,Solomon Islands,2026-01-13
1373,Lauren Gibson,New Zealand,2026-01-25
1374,Gloria Combs,Lebanon,2024-05-18
1375,Kenneth Romero,Dominica,2026-03-08
1376,Ronald Rivera,Brazil,2026-01-09
1377,Jennifer Garcia,Maldives,2025-06-03
1378,William Davis,Faroe Islands,2025-07-06
1379,Justin Merritt,Niger,2025-11-08
1380,Vicki Freeman,Rwanda,2025-12-14
1381,Erika Bryant,French Guiana,2025-12-14
1382,Brenda Sanchez,Guyana,2026-02-07
1383,Allen Davidson,Uzbekistan,2025-06-11
1384,Jonathan Alvarado,Malta,2024-04-25
1385,Alicia Werner,Slovenia,2024-06-07
1386,Carrie Kirk,Peru,2025-06-26
1387,Angela Serrano,Gambia,2025-06-15
1388,Samantha Watson,Greenland,2024-04-25
1389,Nicholas Nelson,United States Virgin Islands,2026-01-16
1390,Jessica Fernandez MD,Djibouti,2024-06-29
1391,Hannah Carson,Sri Lanka,2024-11-03
1392,James Ball,Ecuador,2024-11-06
1393,Holly Wilson,Bosnia and Herzegovina,2025-12-01
1394,Jennifer Riley,Malawi,2024-06-13
1395,Janice Wilson,Heard Island and McDonald Islands,2025-06-17
1396,Earl Nguyen,Uzbekistan,2025-04-10
1397,Judith Brown,Pitcairn Islands,2025-10-31
1398,Kristi Parker,Chile,2024-08-22
1399,Deborah Williams,Isle of Man,2024-09-14
1400,Jessica Lozano,Portugal,2025-09-11
1401,Joseph Richardson,Panama,2026-02-10
1402,Jeanne Hughes,Andorra,2024-11-15
1403,Cynthia Thomas,Niue,2025-10-11
1404,Jason Villa,Palau,2026-02-20
1405,Miss Jennifer Griffin DVM,Solomon Islands,2026-01-25
1406,William Barton,Netherlands Antilles,2024-04-20
1407,Roy Ramirez,Marshall Islands,2025-03-12
1408,Deborah Martinez,Liberia,2024-11-10
1409,Paula Freeman,Mongolia,2025-08-10
1410,Jordan Carpenter,United States Virgin Islands,2024-04-09
1411,Joseph Page,Congo,2025-09-05
1412,Morgan Roth,Malaysia,2024-07-15
1413,Bobby Harrison,Turkmenistan,2025-12-22
1414,James King,Trinidad and Tobago,2025-06-17
1415,Abigail Klein,North Macedonia,2025-02-23
1416,Andrew Gibson,Paraguay,2025-07-05
1417,Todd White,Cuba,2025-02-23
1418,Mr. Robert Lopez DVM,Belize,2025-11-22
1419,Carrie Robinson,Falkland Islands (Malvinas),2024-08-18
1420,Lori Brown,Cyprus,2025-02-02
1421,William Moore,Palau,2024-07-24
1422,John Stephens,China,2025-05-14
1423,Richard Murphy,Croatia,2024-04-03
1424,Vanessa Rodgers,United Kingdom,2024-11-22
1425,Todd Conrad,Serbia,2025-07-27
1426,David Cunningham,Denmark,2024-07-24
1427,Angela Arroyo,Dominica,2024-11-30
1428,Taylor Garcia,Malaysia,2025-12-04
1429,Wanda Guerrero,Nicaragua,2026-02-10
1430,Laura Morgan,Iran,2024-06-03
1431,Melissa Horton,Aruba,2025-11-18
1432,Joshua Velasquez,Guinea-Bissau,2025-01-06
1433,Shane Williams,Trinidad and Tobago,2024-07-30
1434,Mike Harding,Haiti,2025-08-04
1435,Carla Fisher,Bhutan,2025-09-29
1436,Carmen Martin,Bahamas,2024-07-24
1437,Alicia Moore,Martinique,2025-03-14
1438,Aaron Dawson,Israel,2024-04-29
1439,Raymond Snyder,Saint Helena,2024-04-19
1440,Stephanie Anderson,Cambodia,2026-01-16
1441,Dawn Jones,Kazakhstan,2025-03-30
1442,Angela Black,Belgium,2024-09-15
1443,Jason Mullins,French Southern Territories,2025-01-05
1444,Bryan Shea,Syrian Arab Republic,2024-11-19
1445,Bianca Armstrong,Bhutan,2025-05-15
1446,Christina Tate,Mongolia,2025-11-07
1447,Mary Thomas,Faroe Islands,2024-05-04
1448,Francisco Hill,Niger,2024-05-19
1449,Karen Brown,Niue,2024-10-17
1450,David Nash,French Polynesia,2025-10-21
1451,Jonathan Francis,North Macedonia,2026-02-11
1452,Annette Mueller,Maldives,2024-05-07
1453,Carol Williams,Nicaragua,2025-01-15
1454,Charles Cunningham,Cameroon,2025-06-01
1455,Vanessa Garcia,Botswana,2024-03-08
1456,Paul Curry,Ethiopia,2025-01-13
1457,Michael Johnston,Belgium,2024-12-17
1458,Eric Welch II,Ecuador,2024-09-20
1459,Chad Stone,Wallis and Futuna,2025-06-30
1460,Anne Bowman,Wallis and Futuna,2024-07-05
1461,Michael Rogers,Afghanistan,2024-03-10
1462,James Gonzales,Philippines,2025-06-02
1463,Holly Montgomery,Norfolk Island,2025-04-02
1464,Phyllis Patton,Maldives,2024-12-20
1465,Frances Richmond,Andorra,2025-10-21
1466,Nicholas Chambers,Vanuatu,2025-09-29
1467,Jill Russell,United States of America,2024-07-09
1468,Roger Mills,China,2026-01-21
1469,Michael Douglas,Greece,2025-02-02
1470,Mr. Charles Morgan DDS,Micronesia,2024-12-09
1471,Erika Scott,Saint Martin,2024-09-26
1472,Stephanie Nichols,Algeria,2025-05-08
1473,Mary Griffin,Puerto Rico,2025-01-20
1474,Monica Dennis,Marshall Islands,2025-08-20
1475,Christopher Fox,Tunisia,2025-02-22
1476,Kellie Cruz,Syrian Arab Republic,2025-01-07
1477,Michael Gomez,Madagascar,2025-09-25
1478,Janet Young,Angola,2024-05-08
1479,Jill Brown,Germany,2025-02-13
1480,Richard Simmons,Burundi,2024-08-13
1481,Robert Fowler,Switzerland,2025-02-10
1482,Danielle Shelton,South Georgia and the South Sandwich Islands,2025-11-16
1483,Cody Adams,Costa Rica,2025-01-28
1484,Kyle Walter,United Kingdom,2025-01-22
1485,Amanda Perez,United States of America,2024-09-04
1486,Lisa Phillips,Italy,2024-10-10
1487,Connor Schmidt,Belize,2024-08-24
1488,Dennis Mcconnell,Lao People's Democratic Republic,2025-05-31
1489,John Stewart,Saint Helena,2025-03-25
1490,Jessica Lee,Algeria,2024-09-18
1491,Laurie Hampton,Argentina,2025-04-25
1492,Francisco Harding,Hong Kong,2024-09-16
1493,Jeffrey Peterson,Madagascar,2025-11-28
1494,John Spencer,Western Sahara,2024-10-04
1495,Robert Martinez,Argentina,2025-07-23
1496,David Sampson,Algeria,2024-08-20
1497,John Valdez,Bulgaria,2024-10-09
1498,Jennifer White,Saint Lucia,2025-11-21
1499,Jacob Dennis,Portugal,2025-06-02
1500,Brandy White,South Georgia and the South Sandwich Islands,2025-04-26
1501,Jason Mata,Korea,2024-07-31
1502,Robert Hendrix,Greece,2025-01-07
1503,Scott Nolan,Georgia,2025-07-12
1504,Mallory Miller,Kenya,2024-05-30
1505,Richard Frazier,Congo,2024-10-24
1506,Steven Hall,Mauritania,2025-05-03
1507,Courtney Huber,Namibia,2024-08-05
1508,Katherine Chandler,Chile,2025-08-25
1509,Tina Key,San Marino,2024-04-16
1510,Alicia Smith,Namibia,2025-06-10
1511,Marissa Day,Finland,2025-09-15
1512,Cassie Cox,China,2025-06-06
1513,Jennifer Smith,Portugal,2025-03-13
1514,Mitchell Hernandez,Cocos (Keeling) Islands,2024-06-17
1515,Heather Ortiz,Brazil,2026-01-08
1516,Tara Maldonado,Angola,2025-02-13
1517,Rachel Howell,Sri Lanka,2024-06-27
1518,Crystal Hunter,Canada,2025-05-08
1519,Jeffrey Whitaker,Cape Verde,2024-09-22
1520,David Waters,Brunei Darussalam,2024-12-27
1521,Judith Best,Kuwait,2024-04-19
1522,Matthew Delgado,India,2025-08-14
1523,Natasha Perez,Sao Tome and Principe,2025-09-14
1524,Cynthia Tate,Australia,2026-01-22
1525,James Phillips,Colombia,2025-08-30
1526,Anthony Yang,Guam,2025-04-29
1527,Kenneth Davenport,Kuwait,2025-09-08
1528,Ashley Watson,Zambia,2025-04-18
1529,Samuel Anthony,Maldives,2026-03-02
1530,Lindsey Morris,Dominica,2025-10-29
1531,Ruben Reyes,Maldives,2024-10-08
1532,Michael Briggs,Botswana,2024-06-26
1533,Heather Barnes,Lesotho,2024-11-30
1534,Cassandra Fields,Saint Lucia,2024-10-29
1535,Raymond Davis,Algeria,2024-05-16
1536,Gregory Powell,Heard Island and McDonald Islands,2025-01-12
1537,Caroline Williams,French Guiana,2024-10-02
1538,Natalie Higgins,Lebanon,2025-04-15
1539,Matthew Williams,Belgium,2026-01-10
1540,David Johnson DDS,China,2024-10-25
1541,Melanie Garner,Montserrat,2024-03-29
1542,Michelle House,Saint Vincent and the Grenadines,2025-03-13
1543,Zachary Pruitt,Hong Kong,2025-10-30
1544,Anthony Myers,Seychelles,2024-05-28
1545,Samantha Rogers,Liberia,2024-08-31
1546,Brittany Miller,Kiribati,2025-09-25
1547,Derek Arnold,Iraq,2025-01-23
1548,Debra Rodriguez,Azerbaijan,2025-03-26
1549,Brandon Reese,Faroe Islands,2025-12-07
1550,Renee Marquez,Qatar,2025-04-19
1551,Shannon Casey,United States of America,2025-01-04
1552,Kyle Rodgers,Azerbaijan,2025-09-27
1553,Mary Carr,Iraq,2025-07-01
1554,Jasmine Chavez,Jordan,2025-03-14
1555,Andrea Stone,Malta,2024-12-07
1556,Christopher Wilson,Cook Islands,2025-05-03
1557,Terry Figueroa,Egypt,2024-10-16
1558,Brian Price,Niger,2025-06-16
1559,Tony King,Bermuda,2025-02-05
1560,Annette Roberts,Montserrat,2024-10-13
1561,Debra Hawkins PhD,Bulgaria,2025-04-25
1562,Donald Jimenez,Isle of Man,2026-02-02
1563,Michael Santos,Indonesia,2026-01-31
1564,James Warren,Croatia,2025-10-19
1565,Margaret Baker,Solomon Islands,2024-07-01
1566,Tara Hall,Kyrgyz Republic,2024-11-11
1567,Kathleen Ortiz,Cape Verde,2024-08-22
1568,Courtney Wyatt,Monaco,2024-07-09
1569,Brianna Nguyen,Saint Martin,2025-06-15
1570,Angela Hughes,Solomon Islands,2025-05-12
1571,Andre Carroll,Mongolia,2025-02-19
1572,Becky Mills,Reunion,2025-08-10
1573,Richard Parks,Finland,2025-08-19
1574,Melanie Boone,Bangladesh,2025-06-21
1575,Kyle Chavez,Yemen,2026-01-20
1576,Daniel Smith,Algeria,2024-07-04
1577,Kristopher Moore,Georgia,2025-10-02
1578,Natasha Price,Peru,2025-04-18
1579,Gene Myers,Mozambique,2025-10-19
1580,Mark Walsh,Yemen,2025-03-24
1581,Ronald Reyes,Belize,2024-11-02
1582,Lisa Price,Niue,2025-07-29
1583,Amanda Harrell,Georgia,2024-11-22
1584,Jacob Johnson,Niue,2024-10-27
1585,Jennifer Montgomery,El Salvador,2024-05-14
1586,Sarah Lawrence,Greenland,2025-09-19
1587,Alexandra Hoffman,Nicaragua,2025-10-29
1588,Melissa Wong MD,Belize,2025-10-16
1589,Tamara Ramos,Switzerland,2026-01-25
1590,Christy Thomas,Netherlands,2024-10-16
1591,Ariel Wilson,Cambodia,2024-08-12
1592,Peter Hudson,Sweden,2025-12-11
1593,April Bird,Saint Pierre and Miquelon,2026-01-09
1594,Matthew Hill,Saint Lucia,2024-05-08
1595,Nicholas Collins,Lithuania,2024-04-03
1596,Samantha Martin,Ukraine,2024-11-18
1597,John Richardson,Dominica,2024-07-16
1598,Katherine Greene DVM,Slovenia,2024-12-31
1599,William Barnes,Solomon Islands,2026-03-05
1600,Anne Cowan,Liberia,2024-05-04
1601,Rose Richardson,Turks and Caicos Islands,2025-10-14
1602,Billy Jones,Panama,2024-11-18
1603,Casey Maxwell,Serbia,2024-10-09
1604,Amanda Miller,Morocco,2025-07-22
1605,Alison Harris DDS,Cook Islands,2025-10-25
1606,Richard Giles,Cape Verde,2024-03-22
1607,Neil Schaefer,Botswana,2025-12-13
1608,Ms. Linda Thompson MD,Morocco,2024-12-21
1609,Lisa Martin,Swaziland,2024-08-29
1610,Stephanie Stein,Malaysia,2025-08-29
1611,Melissa Weaver,Vanuatu,2025-03-14
1612,Scott Peters,Malta,2025-05-08
1613,Timothy King,Cyprus,2026-01-12
1614,Craig Watts,Kyrgyz Republic,2024-12-27
1615,David Dixon,Montenegro,2024-07-23
1616,Nicole Bishop,Estonia,2025-10-01
1617,Lisa Peters,Bermuda,2024-10-17
1618,Pamela Bruce,Korea,2026-02-12
1619,Rachel Cook,Sao Tome and Principe,2024-05-13
1620,Bryan Rodriguez,Congo,2024-10-17
1621,Melissa Church,Greece,2024-08-13
1622,John Martin,Ethiopia,2025-11-18
1623,Sabrina Pratt,Saint Martin,2025-05-25
1624,Yvette Gomez,Saint Lucia,2024-10-10
1625,Nicole Murray,Nepal,2024-08-17
1626,Theodore Tanner,Cayman Islands,2025-02-04
1627,Megan Casey,Heard Island and McDonald Islands,2024-07-13
1628,Eric Martin,French Southern Territories,2026-01-05
1629,Mary Brown,Trinidad and Tobago,2024-03-25
1630,Bryan Jones,Romania,2024-08-29
1631,Maria Cabrera,United States Minor Outlying Islands,2024-06-15
1632,Richard Newman,Solomon Islands,2025-01-10
1633,Benjamin Meza,Georgia,2026-02-20
1634,Kevin Henson,Belize,2025-11-21
1635,Karen Contreras,Micronesia,2024-08-11
1636,Frances Taylor,Cayman Islands,2024-04-02
1637,Joseph Bennett,Greece,2024-04-10
1638,Steven Lindsey,Australia,2024-07-15
1639,Steve Harrison,Belgium,2025-11-02
1640,Patricia Oconnor,Guam,2024-07-02
1641,Richard Alexander,Latvia,2024-10-13
1642,Adam Randall,Liberia,2024-08-05
1643,Kerri Perry DVM,Western Sahara,2026-01-18
1644,Mrs. Jane Robertson,Congo,2024-05-12
1645,Ryan Lopez,Mexico,2026-01-16
1646,Albert Nichols,Romania,2025-01-12
1647,Antonio Hawkins,Sweden,2024-07-11
1648,Carol Perry,Saint Pierre and Miquelon,2025-09-24
1649,Lauren Grant,Zimbabwe,2024-07-29
1650,Paige Wilson,San Marino,2025-11-28
1651,Angela Murphy,Pakistan,2024-07-26
1652,Barbara Davis,Grenada,2026-01-12
1653,Theodore Phelps,Seychelles,2025-07-08
1654,Scott West,Namibia,2024-04-08
1655,Jennifer Clark,Svalbard & Jan Mayen Islands,2025-12-13
1656,Zachary Martinez,Slovenia,2025-01-28
1657,Jonathan George,Haiti,2025-10-14
1658,Cody Fields,Spain,2025-06-11
1659,Joseph Zuniga,Turks and Caicos Islands,2026-01-29
1660,Leah Edwards,Falkland Islands (Malvinas),2025-01-20
1661,Grace Davidson,Falkland Islands (Malvinas),2024-12-19
1662,Michael Dixon,Zimbabwe,2025-07-11
1663,Daniel Reed DDS,Martinique,2025-03-29
1664,Judy Sims,Sweden,2026-03-07
1665,Debbie Henry,Mali,2024-12-18
1666,Kenneth Mcclure,Australia,2025-07-05
1667,Jeanne Wilson,Venezuela,2024-04-08
1668,Craig Nguyen,Singapore,2024-12-29
1669,Catherine Bryan,Qatar,2025-03-01
1670,Christian Hamilton,Serbia,2025-05-14
1671,Sandra White,Benin,2025-03-30
1672,Monique Coleman DDS,Montserrat,2025-04-13
1673,Jennifer Jones,Togo,2025-03-22
1674,Paula Gallegos,Czech Republic,2024-12-23
1675,Jessica Jackson,Comoros,2024-11-09
1676,David Owens,Bahamas,2025-03-07
1677,Justin Barton,North Macedonia,2024-12-21
1678,Dustin Smith,Saint Pierre and Miquelon,2024-12-04
1679,Sara Anderson,Liberia,2024-10-09
1680,Emma Ray MD,Saint Martin,2025-03-20
1681,Renee Tucker,Seychelles,2026-01-22
1682,Brittney Martin,Armenia,2024-07-27
1683,Linda Myers,Korea,2024-08-17
1684,David Evans,French Guiana,2025-09-13
1685,David Rodriguez,Turkey,2025-07-17
1686,Stephen Rodriguez,Germany,2025-06-18
1687,Carlos Wells,Western Sahara,2025-09-05
1688,Jacqueline Diaz,Norway,2024-08-16
1689,Kendra Ward,Sao Tome and Principe,2025-07-02
1690,Kelly Jefferson,Germany,2025-02-26
1691,Krista Bentley,Saint Vincent and the Grenadines,2025-05-14
1692,Carrie Martin,Canada,2025-04-27
1693,Dale King,Benin,2024-09-29
1694,Amber Cabrera,Cuba,2025-08-22
1695,Jason Watkins,Korea,2025-06-10
1696,Benjamin Davis,Kazakhstan,2025-02-06
1697,Suzanne Park,Madagascar,2026-02-24
1698,Sherry Moody,Liechtenstein,2025-12-19
1699,Julia Nichols,Botswana,2026-01-17
1700,Tina Wright,Jamaica,2024-03-22
1701,Mark Beasley,Madagascar,2024-06-19
1702,Daniel Miller,Maldives,2025-04-07
1703,Olivia Smith,Vanuatu,2025-01-17
1704,Ms. Katie Adams MD,Pitcairn Islands,2024-04-25
1705,David Rodriguez,Mali,2024-12-20
1706,Heather Murphy,Aruba,2024-12-06
1707,Richard Mayer,Burundi,2025-10-13
1708,Debbie Alexander,Djibouti,2025-12-10
1709,Mia Ho,Christmas Island,2025-04-07
1710,Elizabeth Green,Saint Helena,2025-09-16
1711,Valerie Hess,Kyrgyz Republic,2025-03-20
1712,Matthew Vazquez,Mexico,2025-12-20
1713,Paul Thomas,El Salvador,2024-09-25
1714,Christopher Gibson,Uganda,2025-03-16
1715,Yolanda Castro,Cyprus,2025-05-23
1716,Nathan Allen,Nigeria,2024-12-14
1717,Timothy Parks,United States Minor Outlying Islands,2025-12-02
1718,Daniel Hall,Sudan,2024-08-21
1719,Emily Buckley,Pakistan,2025-04-25
1720,Andrew Williamson,Tokelau,2024-06-27
1721,John Boyd,Saint Barthelemy,2025-02-16
1722,Anthony Hill,Lesotho,2025-05-30
1723,Samuel Hall,Greece,2025-11-01
1724,Susan Mccarty,Samoa,2025-02-19
1725,Robert Warren,Namibia,2025-07-07
1726,Joy Collins,Bosnia and Herzegovina,2025-07-04
1727,Raymond Travis,Fiji,2024-09-07
1728,Erik Marquez,Korea,2025-07-30
1729,Chad Ingram,Tunisia,2024-05-16
1730,Trevor Boyd,Panama,2024-09-07
1731,Michelle Reed,Sweden,2025-06-05
1732,Nathaniel Edwards,Gabon,2024-11-04
1733,Todd Burton,New Zealand,2025-10-15
1734,Cindy Stark,Micronesia,2024-09-30
1735,Cindy Orozco,Spain,2026-02-19
1736,Christopher Gates,Aruba,2025-01-28
1737,Bryan Willis,Wallis and Futuna,2025-03-03
1738,Susan Berry,Cote d'Ivoire,2026-01-27
1739,Javier Burns,Malaysia,2025-10-07
1740,Daniel Cooper,Uruguay,2024-04-22
1741,Rebecca Perry,Tuvalu,2024-05-26
1742,Christopher Gomez,Tokelau,2024-09-20
1743,Michael Shannon,Anguilla,2024-12-30
1744,Nancy Cain,Saint Lucia,2026-02-08
1745,Elizabeth Pratt,Isle of Man,2024-08-29
1746,Andrew Hill,Uzbekistan,2024-04-29
1747,Wendy Jones,Kazakhstan,2025-05-02
1748,Sarah Martin,Japan,2025-01-17
1749,Amber Matthews,Argentina,2025-09-28
1750,Sonya Wong,French Polynesia,2024-12-25
1751,Joy Rodriguez,Korea,2025-05-10
1752,John Wiley,French Southern Territories,2026-02-04
1753,Marissa Bonilla,Guinea,2026-02-07
1754,Leslie Hensley,Cameroon,2026-01-15
1755,Sarah Powell,Grenada,2024-09-10
1756,Matthew James,Bahamas,2024-06-21
1757,Taylor Mcdaniel,French Polynesia,2026-02-09
1758,Darlene Moran,Chad,2025-01-05
1759,Sophia Andrews MD,British Virgin Islands,2025-11-02
1760,Michelle Wilson,Cote d'Ivoire,2025-12-26
1761,Diane Joyce,Venezuela,2025-07-19
1762,Megan Maxwell,Botswana,2024-05-28
1763,Christopher Evans,Nauru,2024-11-28
1764,Ann Short,Ghana,2024-11-05
1765,Marie Frank,Cook Islands,2024-04-08
1766,Amber Mcfarland,Malta,2024-10-13
1767,Timothy Smith,Mayotte,2024-07-23
1768,Trevor Moore,Kyrgyz Republic,2025-09-23
1769,Frances Johnson,Tunisia,2025-09-23
1770,Michelle Moore,Norway,2024-08-30
1771,Michelle Walker,Mexico,2025-03-03
1772,Linda Cannon,Afghanistan,2025-09-25
1773,Cynthia Harris,Guyana,2025-06-30
1774,Jacqueline Butler,Iceland,2024-04-22
1775,Brandon Howell,Netherlands,2025-01-01
1776,Kristen Garcia,Cambodia,2024-07-18
1777,Stephanie Smith,Norfolk Island,2024-11-04
1778,Justin Alvarez,New Zealand,2024-10-13
1779,Sherri Todd,Turks and Caicos Islands,2024-10-10
1780,Erik Rodriguez,Puerto Rico,2025-06-25
1781,Thomas Reeves,Aruba,2024-06-26
1782,Adam Spence,Pakistan,2025-11-14
1783,Susan Smith,Niger,2025-01-16
1784,Paul Charles,Jamaica,2025-09-21
1785,Paul Watts,Niue,2024-04-26
1786,Kathy Sherman,Lithuania,2024-12-01
1787,Charlene Buck,Wallis and Futuna,2024-12-09
1788,Joseph Johnson,Slovakia (Slovak Republic),2025-11-20
1789,Sheryl Barrett,Paraguay,2025-09-10
1790,Donald Acosta MD,Christmas Island,2024-11-01
1791,Mark Walker,Western Sahara,2024-10-18
1792,Gwendolyn White,Mauritius,2024-04-15
1793,Alice Smith,Ghana,2026-02-28
1794,Mary Melendez,Guam,2024-08-02
1795,Melissa Snow,Tajikistan,2024-04-25
1796,Dorothy Johnson,Croatia,2026-02-12
1797,Robert Wall,French Southern Territories,2024-08-14
1798,Kelsey Wood,Afghanistan,2025-11-30
1799,Lisa Hernandez,Russian Federation,2024-05-16
1800,David Barnett,Malawi,2024-12-27
1801,Mark Jones,Solomon Islands,2025-05-09
1802,Jennifer Parker,Syrian Arab Republic,2025-05-31
1803,Mr. William Garcia,Gibraltar,2025-12-13
1804,Melissa Valenzuela,Sri Lanka,2025-09-15
1805,Anna Stanley,Tuvalu,2025-05-11
1806,Dennis Walker,Turkmenistan,2025-05-04
1807,Mr. Anthony Miller MD,Indonesia,2024-09-03
1808,Kevin Lopez,Puerto Rico,2024-07-07
1809,Edward Lee,Kiribati,2024-07-31
1810,Brandy Miller,Andorra,2026-02-02
1811,William Johnson,Venezuela,2024-03-30
1812,Dana Lopez,Afghanistan,2025-12-26
1813,Mark Banks,Spain,2025-06-24
1814,Ricardo Snyder,Madagascar,2025-01-22
1815,Brandon Taylor,Djibouti,2025-06-16
1816,Regina Harris,Hungary,2024-10-07
1817,Jacob Robinson,Botswana,2024-09-26
1818,Austin Sullivan,Japan,2024-03-20
1819,Angel Blair,Philippines,2024-07-02
1820,Austin Martin,Vietnam,2025-07-03
1821,Jennifer Stanley,Mayotte,2025-10-10
1822,Christopher Parsons,Martinique,2025-09-12
1823,Stephen Perez,Estonia,2024-04-22
1824,Christine Brooks,Greenland,2025-09-06
1825,Kimberly Wallace,Belarus,2025-10-13
1826,Andrew Martin,South Africa,2025-02-17
1827,Michael Hernandez,Bosnia and Herzegovina,2024-03-17
1828,James Foley,Russian Federation,2025-05-14
1829,Jacob Williams,Pakistan,2025-05-28
1830,Marissa White,Namibia,2025-07-08
1831,Anna Lawson,Israel,2025-09-30
1832,Krystal Alvarez,Guinea-Bissau,2025-01-03
1833,Renee Carney,Oman,2025-10-05
1834,Donna Henry,Solomon Islands,2026-02-03
1835,Caroline Thomas,Monaco,2025-08-01
1836,Alan Mack,Bouvet Island (Bouvetoya),2026-01-02
1837,Cassandra Patterson,Sudan,2025-10-19
1838,Maurice Hill,Guadeloupe,2024-10-21
1839,Ian Lawson,Kazakhstan,2024-09-29
1840,Alejandro Johnson,Sweden,2025-06-26
1841,Andre White,Colombia,2024-12-25
1842,Christopher Gardner,Latvia,2024-04-09
1843,Stephanie Murphy DVM,Costa Rica,2025-09-06
1844,Caitlin Davis,Switzerland,2024-08-13
1845,Jennifer Silva,Liechtenstein,2024-03-16
1846,Alexis Hess,Rwanda,2025-09-30
1847,Sherry Townsend,Micronesia,2024-09-15
1848,Toni Sanford,Barbados,2024-11-16
1849,Denise Daugherty,Isle of Man,2024-04-06
1850,Michael Potter,Malta,2024-06-21
1851,Laura Bradley,Oman,2026-01-31
1852,Miss Jennifer Moore,French Polynesia,2025-10-13
1853,William Harrell,Hungary,2025-02-08
1854,Gabriel Young,Holy See (Vatican City State),2026-02-25
1855,Anna Perry,Saint Pierre and Miquelon,2024-12-25
1856,John Butler,Germany,2025-02-24
1857,Charles Patel,Vietnam,2025-06-23
1858,Karen Pena,Bouvet Island (Bouvetoya),2025-05-08
1859,William Parrish,Anguilla,2025-10-02
1860,Ruth Martinez,Japan,2025-06-22
1861,Matthew Anthony,Guernsey,2024-08-22
1862,Gina Reed,San Marino,2024-07-20
1863,Kimberly Newton,Denmark,2025-10-01
1864,Ryan Strong,Northern Mariana Islands,2024-07-10
1865,Mrs. Caitlin Acosta MD,Mexico,2024-10-03
1866,Kyle Johnson,Martinique,2025-04-21
1867,Brent Wood,Luxembourg,2025-12-27
1868,Caitlin Wright,Comoros,2025-04-29
1869,Allen Rose,French Guiana,2024-08-18
1870,Dawn Brown,Bulgaria,2024-07-28
1871,Barbara Banks,China,2025-05-29
1872,Adam Wilson,Saint Pierre and Miquelon,2024-08-10
1873,Todd Johnson,Timor-Leste,2025-05-19
1874,Maria Young,Mauritania,2025-06-12
1875,James Benton,Sudan,2025-01-24
1876,Craig Riley,Saint Barthelemy,2024-12-22
1877,Eric Barnes,Grenada,2024-07-04
1878,Elizabeth Roberts,Sri Lanka,2025-07-09
1879,Jon Morgan,Oman,2025-10-23
1880,Mr. Ethan Smith DVM,Singapore,2026-02-03
1881,Kevin Tapia,United Kingdom,2024-08-12
1882,Jessica White,Mayotte,2024-04-28
1883,Maxwell Bell,Martinique,2025-12-15
1884,Ryan Berry,Hungary,2025-04-03
1885,Sara Cox,Ukraine,2024-03-23
1886,Steven Garcia,Brazil,2024-10-09
1887,James Perez,United Kingdom,2026-02-16
1888,Russell Molina,Benin,2025-11-17
1889,James Mendoza,United States Minor Outlying Islands,2024-10-19
1890,John Harris,United Arab Emirates,2026-02-09
1891,David Parker,Madagascar,2024-05-26
1892,Raymond Morton,Romania,2026-01-27
1893,Heidi Whitney,Congo,2024-10-08
1894,Phillip Durham,Bahamas,2024-07-20
1895,Dawn Thompson,Guinea-Bissau,2025-08-03
1896,Jessica Austin,Montenegro,2025-07-06
1897,Cassandra Khan,Mauritania,2024-07-01
1898,Sandra Hughes,Sao Tome and Principe,2025-05-29
1899,Keith Wolf,Saint Pierre and Miquelon,2024-12-04
1900,Matthew Dunn,Malta,2024-09-30
1901,Samantha Nguyen,Tuvalu,2025-01-17
1902,Cindy Chambers,Cuba,2025-02-12
1903,Teresa Jarvis,Grenada,2025-02-08
1904,Kimberly Lucas,Niue,2026-01-01
1905,Stephanie Campbell,Palestinian Territory,2025-10-26
1906,Melissa Mullins,Korea,2024-03-19
1907,Ms. Jennifer Austin,Croatia,2025-09-16
1908,Robin Carroll,Niger,2025-02-20
1909,Ruben Braun,Haiti,2025-01-24
1910,Katherine Austin,Kazakhstan,2024-07-28
1911,James Hernandez,Saint Kitts and Nevis,2024-07-02
1912,Elizabeth Sanchez,Greece,2026-01-06
1913,James Johnson,Saudi Arabia,2024-05-05
1914,Alan Barrett,Congo,2025-06-12
1915,John Cameron,Sri Lanka,2024-03-11
1916,Jacob Bailey,French Guiana,2025-03-30
1917,Christine Edwards,Norfolk Island,2024-12-02
1918,Vincent Lee,Tanzania,2025-02-27
1919,Lisa Olson,Malawi,2025-02-12
1920,Jennifer Hernandez,Azerbaijan,2025-06-13
1921,Robert Montoya,Poland,2024-05-13
1922,Erica Adams,Saint Barthelemy,2025-01-14
1923,Jeffrey Chavez,Comoros,2024-05-06
1924,Stephanie Bridges,Bulgaria,2025-12-02
1925,Shawn Dean,Gabon,2026-01-21
1926,Betty Smith,Ethiopia,2024-07-07
1927,Michael Holloway,Dominica,2024-03-23
1928,Joshua Edwards,Panama,2025-03-24
1929,Denise Sheppard,Dominica,2025-04-12
1930,Mrs. Erin Curtis DDS,Swaziland,2024-05-03
1931,Adam Tapia,New Zealand,2026-01-31
1932,Diana Walker,Northern Mariana Islands,2024-10-08
1933,Bill Bright,Central African Republic,2026-03-07
1934,Jennifer Clay,Thailand,2026-01-04
1935,Devin David,Lebanon,2024-10-30
1936,Tyler White,Myanmar,2024-11-14
1937,Matthew Rios,Egypt,2025-01-16
1938,James Nichols,Kyrgyz Republic,2025-10-14
1939,David Cruz,Kuwait,2026-01-27
1940,Margaret Underwood,Chile,2024-04-05
1941,Karen Powers,Sweden,2024-07-10
1942,Mrs. Christy Garner,Romania,2024-09-11
1943,Stacy Bishop,Russian Federation,2024-10-20
1944,Erica Hays,Sri Lanka,2025-08-02
1945,Stephanie Mercado,Cocos (Keeling) Islands,2025-07-17
1946,Shannon Hood,Peru,2026-02-10
1947,Kathryn Ramirez,Micronesia,2026-01-28
1948,Gregory Armstrong,Somalia,2025-06-29
1949,Jill Delgado,Timor-Leste,2025-02-22
1950,Benjamin Bauer,Turks and Caicos Islands,2024-11-08
1951,Cindy Ramirez,United States Minor Outlying Islands,2025-09-13
1952,Harry Nichols,Zambia,2025-04-05
1953,George Mccann,Heard Island and McDonald Islands,2024-04-16
1954,Dorothy Pruitt,Bangladesh,2026-01-01
1955,Joseph Combs,Gibraltar,2025-08-18
1956,Joseph Walker,South Africa,2025-10-29
1957,Gabrielle Huffman,Niue,2024-12-16
1958,Micheal Mills,Korea,2025-01-18
1959,David Mccarthy,Syrian Arab Republic,2025-08-23
1960,Samantha Miller,Liberia,2024-07-14
1961,Steven Thomas,Kuwait,2024-07-06
1962,Sue Lopez,New Zealand,2024-11-09
1963,Jill Martin,Cote d'Ivoire,2024-06-20
1964,Erin Potter,South Georgia and the South Sandwich Islands,2025-01-16
1965,Jessica Morales,Vietnam,2025-04-09
1966,Christopher Wallace,Cote d'Ivoire,2025-11-17
1967,Thomas Mitchell,Gabon,2024-07-25
1968,Vanessa Brewer,Lesotho,2025-07-06
1969,Briana Patterson,Liechtenstein,2024-09-21
1970,Tyler Rios,Sudan,2024-08-06
1971,Allison Hernandez,Sao Tome and Principe,2024-06-24
1972,Trevor Gonzalez,India,2025-02-26
1973,Kyle Kaufman,Saint Helena,2025-07-02
1974,Jacob Green,Djibouti,2025-12-04
1975,Michael Lam,Grenada,2024-03-15
1976,Regina Harris,Iraq,2024-06-30
1977,Robert Watson,Gibraltar,2025-08-17
1978,Monica Lee,Ecuador,2024-06-01
1979,Stephen Kerr,Nigeria,2024-06-19
1980,Nicole Jacobs,Mauritius,2025-02-07
1981,Amber Greer,Costa Rica,2025-02-15
1982,Joseph Ross,Guinea,2025-06-12
1983,Timothy Harris,Indonesia,2024-11-24
1984,Cynthia Castillo,Ukraine,2024-04-20
1985,Connie Evans,Georgia,2026-02-21
1986,Christopher Keller,Sri Lanka,2025-04-07
1987,Alejandro Rodriguez DVM,Swaziland,2025-04-12
1988,Andrew Reeves,Zimbabwe,2025-11-11
1989,Heather Garcia,Trinidad and Tobago,2024-03-14
1990,Becky Allen,El Salvador,2025-05-10
1991,Jonathan Thompson,Israel,2024-08-21
1992,Joseph Hoffman,Mongolia,2025-10-02
1993,Alexandra Gregory,Belgium,2024-03-18
1994,Sandra Christensen MD,Bhutan,2024-06-10
1995,John Osborne,Barbados,2026-01-17
1996,Carlos Garrett,Lesotho,2025-03-22
1997,Dr. Allison Salinas,Myanmar,2025-02-19
1998,Amanda Jackson,Malta,2025-02-15
1999,Victoria Simpson,Brazil,2025-03-10
2000,Briana Moore,Nicaragua,2024-10-20
